DUP,Une journée par semaine de service pour la collectivité exigée pour les bénéficiaires du RSA.
DUP,Revalorisation et déconjugalisation de l'AAH.
DUP,Majoration des allocations familiales pour les foyers ne payant pas d'impôt sur le revenu.
DUP,"Allocations et quotients familiaux, prestation d'accueil du jeune enfant, rétablis au niveau de 2012."
DUP,"Création d'un congé parental rémunéré à 75% du SMIC pour une durée de trois ans, réparti entre père et mère. Utilisable une seule fois par couple pour un seul enfant (2ème ou 3ème)."
DUP,Limiter le reste à charge des usagers et des familles via notamment le relèvement du plafond de l'APA et concevoir un plafond des dépenses : Créer un bouclier autonomie avec soutien financier pour ceux qui résident plus de 4 ans en EHPAD.
DUP,Rendre le permis de conduire gratuit en échange d'un travail d'intérêt général d'un mois.
JAD,Déconjugaliser l'Allocation Adulte Handicapé.
JAD,Augmenter le chèque énergie pour les plus précaires pour atteindre 400 €/an.
MLP,Prêt aux jeunes parents qu'ils n'auraient plus besoin de rembourser après la naissance de leur troisième enfant.
MLP,Réserver les aides sociales aux Français.
MLP,Moduler la prime d'activité pour l'augmenter dans les secteurs d'activité souffrant le plus d'une pénurie de main-d'œuvre.
JLM,Créer une « garantie dignité » : revaloriser les minima sociaux (aucun niveau de vie en-dessous du seuil de pauvreté).
JLM,"Loi d'urgence sociale comprenant notamment le blocage des prix des produits de première nécessité (gaz, électricité, alimentation)."
JLM,Restructurer les emprunts des ménages surendettés et garantir à tous l'accès effectif aux services bancaires de base.
JLM,Lutter contre le non-recours aux droits sociaux et civiques par la simplification des démarches.
JLM,Verser une allocation familiale dès le premier enfant.
PEC,Restaurer l'universalité des allocations familiales et du complément mode de garde pour les familles.
PEC,Accroître la part de la protection sociale financée par l'impôt pour répondre à l'universalisation de nombreuses prestations sociales et renforcer l'acceptabilité de la Sécurité sociale.
PEC,Doubler les crédits d'impôt pour les familles pour favoriser la conciliation dela vie professionnelle et familliale.
PEC,"Développer les solutions d'accueil de jeunes enfants ; arrêter la ponction des allocations familles et la consacrer à toutes les familles, y compris ayant un ou eux enfants déconjugaliser l'allocation adulte handicapé."
PEC,Congé parental étendu jusqu'aux 18 ans de l'enfant en cas de difficultés scolaires ou problèmes de santé.
PEC,Le RSA doit donner lieu à une contrepartie d'activité d'intérêt général.
PEC,Instaurer un délai de cinq ans de résidence régulière en France pour toucher ces prestations.
PEC,Conférer aux aidants familiaux s'occupant d'enfants handicapés ou d'aînés dépendants un véritable statut en termes d'indemnisation et d'aménagements de leur vie professionnelle.
PEC,"Créer une allocation du premier enfant de 900 € par an, versée à tous les parents qui auront un enfant jusqu'à ses 18 ans, et qui s'ajoutera à la prime pour l'accueil du jeune enfant (la Paje). Augmenter aussi de 20 % les allocations pour le deuxième enfant, en la faisant passer de 1 595 € à 1 900 € par an."
ROU,Déconjugaliser l'AHH dans le mois qui suit les élections.
ZEM,"Réserver le modèle social aux Français et aux étrangers qui payent l'impôt pour éviter toute forme d'""assistanat"" ainsi que le retour à la souveraineté économique de la France."
ZEM,Fin des allocations familiales pour les étrangers.
DUP,Remplacement de toutes les cartes vitales par des cartes vitales biométriques distribuées en main propre en sous-préfecture pour mettre fin aux fraudes.
MLP,"Lutte contre la fraude sociale pour financer des mesures de baisse de fiscalité des ménages, estimée à 15 milliards d'euros."
ZEM,Lutte contre la fraude sociale avec comme objectif de récupérer 50 milliards d'euros.
HID,Revoir de fond en comble le financement de la protection sociale.
HID,"Développer de nouvelles protections pour les nouvelles formes d'activité (télétravail, plateformes numériques, multi-activité)."
MLP,Financer par le budget de la Sécurité sociale des systèmes de protection pour les pharmacies et les cabinets médicaux et paramédicaux.
MON,"Création d'une mutuelle publique, à 10€, financée par la sécurité sociale."
JLM,Organiser l'élection des administrateurs de la Sécurité sociale par les assurés eux-mêmes.
JLM,"Établir la filiation par reconnaissance comme principe par défaut, rembourser la procréation médicalement assistée (PMA) pour toutes les femmes et refuser la gestation pour autrui (GPA), faire prévaloir l'intérêt supérieur de l'enfant en toute circonstance."
DUP,"1€ investi dans les métropoles = 1€ dans les villes moyennes, la ruralité et l'Outre-Mer."
DUP,Déploiement d'internet haut débit et de la connexion mobile sur tout le territoire.
JAD,Donner aux collectivités les moyens de traiter les friches urbaines.
JLM,"Défendre et reconstruire le maillage de transports en commun et de services publics : notamment dans les départements ruraux, les quartiers populaires et les Outre-mer."
JLM,"Stopper l'étalement urbain : renoncer aux grands projets inutiles et imposés, rapprocher bassins de vie et bassins d'emploi."
JLM,Mettre en place des assemblées citoyennes régionales pour débattre des projets d'aménagement et d'investissement en lien avec la planification écologique.
JLM,Organiser des états généraux des quartiers populaires et des espaces ruraux pour construire une véritable égalité territoriale notamment dans les services publics.
HID,"Décentralisation aboutie : ""Le temps des communes et de la décentralisation des pouvoirs est venue""."
HID,"Souhaite un ""big bang territorial"" pour relancer la décentralisation avec un rôle accru des maires."
JLM,Affirmer les trois échelons d'organisation décentralisée pour mettre fin à la superposition d'échelons technocratiques.
PEC,"Décentraliser des blocs de compétences pour simplifier le mille-feuille administratif français, supprimer les doublons et rapprocher les politiques publiques des citoyens."
PEC,"Les régions se verraient ainsi confier Pôle emploi, les missions locales, la rénovation urbaine ou la présidence des Agences régionales de santé et seraient évaluées par des indicateurs de performance."
PEC,Régionaliser les politiques du logement.
MLP,Rééquilibrage entre les grandes métropoles et zones rurales.
MON,Redonner aux régions rurales la force économique qu'elles ont perdue et la reconnaissance politique qui leur manque.
MON,"Redonner à nos régions rurales la force économique qu'elles ont perdue, et la reconnaissance politique qui leur manque."
JLM,Rendre aux communes leur liberté de coopération et le rôle de cellule de base de la démocratie locale.
JLM,Donner à la Corse le statut garanti par l'article 74 de la Constition.
JLM,"Rendre effectif le principe du non-cumul des mandats et des indemnités (un seul au même moemnt, deux mêmes mandats consécutifs maximum)."
JLM,Organiser la sortie du mandat : garantir un droit à la formation professionnelle pour les élus.
JLM,"Redécouper les Régions à partir des bassins versants et leur confier l'eau comme première responsabilité. Supprimer les mégarégions, les régions transfrontalières et les métropoles et revenir sur l'obligation d'appartenance des communes à des intercommunalités en abrogeant la loi NOTRe."
JLM,"Interdire le ""droit à la différenciation"" afin de garantir l'égalité entre les citoyens et réserver le statut de collectivité unique aux territoires insulaires et des Outre-mer."
JLM,Recomposer les assemblées régionales à partir des élections des conseillers départementaux.
JLM,Réquilibrer la dotation globale de fonctionnement versée aux communes pour lutter contre les inégalités territoriales.
JLM,Réaffirmer le rôle du département comme échelle pertinente pour organiser le maillage équilibré du territoire en services publics essentiels à la population.
JLM,Renforcer les dotations de l'Etat pour les territoires et régions en retard de développement économique et social.
HID,Droit à mourir dans la dignité.
HID,"Loi sur l'égalité hommes-femmes pour atteindre l'égalité salariale en 5 ans et d'instaurer une ""parité réelle"" dans les instances publiques et les conseils d'administration."
JLM,"Adopter une loi de lutte contre le sexisme : imposer l'égalité entre les femmes et les hommes dans les institutions politiques, administratives, économiques, syndicales et associatives."
JLM,Renforcer les moyens contre les violences faites aux femmes et renforcer le planning familial. Investir 1 milliard d'euros pour lutter contre les violences faites aux femmes.
JLM,"Ouvrir l'adoption plénière à tous les couples, mariés ou non."
ZEM,Bloquer la PMA sans père et/ou sans mère.
DUP,Doublement du personnel en charge de la médecine scolaire.
DUP,Renforcement des apprentissages fondamentaux comme le français en primaire et rétablissement du BAC.
DUP,Augmentation du salaire des enseignants et mise en place d'une prime supplémentaire en échange de cours de soutien aux élèves en difficulté.
DUP,Retour de l'autorité des professeurs sur leur classe et ouverture d'internats disciplinaires pour les élèves perturbateurs et harceleurs.
DUP,Ouverture d'internats d'excellence sur tout le territoire pour une vraie égalité des chances.
DUP,Ouverture de 250 000 places de crèche.
HID,Doubler le salaire des enseignants.
HID,"Assurer une sécurité économique aux jeunes afin qu'aucun d'entre eux ne soit contraint d'arrêter prématurément son parcours de formation, répondre à leur difficultés du quotidien, faire en sorte que l'entrée dans l'âge adulte ne soit plus un parcours du combattant (orientation, accès au logement, à l'emploi, reconstruire un modèle éducatif ambitieux pour tous et respectueux de chacun), repenser le système éducatif pour mettre au cœur la réussite de tous."
HID,Repenser le système éducatif pour mettre au coeur la réussite de tous.
HID,Abroger Parcoursup.
HID,Porter à 60%d'une classe d'âge le nombre de diplômés du supérieur.
JAD,"Pour une grande réflexion autour de la formation, les salaires, les effectifs, les statuts et les moyens pour les écoles, en milieu urbain comme en milieu rural."
MLP,Créer un centre éducatif fermé par département.
MLP,Responsabiliser les parents de mineurs délinquants par la suppression des allocations familiales et sociales prononcée par le juge.
MON,Prévoir une hausse importante des salaires des enseignants.
MON,"Prévoir un contrat de long terme avec les enseignants pour revoir la formation, organisation, méthode et temps de travail, présence et soutien auprès des élèves."
MON,Demander à tous ces enseignants retraités d'être les tuteurs individuels d'enfants en perdition qui ont des parents défaillants et qui sont en décrochage du système scolaire.
JLM,Augmentation des salaires des enseignants pour rattrapper le gel du point d'indice.
JLM,Adopter une plan pluriannuel de recrutement pour l'ensemble des concours et créer des écoles professionnelles de l'enseignement. Renforcer la formation initiale et continue des personnels. Renforcer les effectifs de la vie scolaire.
JLM,"Rétablir le diplôme national du baccalauréat, abroger les contre-réformes du lycée, de la voie professionelle et du collège."
JLM,"Abolir les privilèges de l'enseignement privé (abroger la loi Carle, interdire les subventions extralégales des collectivités)."
JLM,Assurer l'égalité devant l'école en instaurant une nouvelle carte scolaire établissant la mixité sociale.
JLM,Arrêter les fermetures de classes et de lycées professionnels.
JLM,Augmenter le nombre d'établissements.
JLM,Éradiquer l'illettrisme pour les jeunes sortis du système scolaire et les adultes à horizon 2025 et développer les structures d'alphabétisation et les cours de langue française pour les personnes non-francophones.
JLM,Créer 500 000 places en crèches et garantir la gratuité des crèches publiques.
JLM,"Assurer la gratuité réelle de l'éducation publique, y compris les cantines, le transports et les activités périscolaires, fournir gratuitement les manuels scolaires ainsi que des fournitures sans marques."
JLM,Mettre en place une véritable politique d'éducation prioritaire sur la base des bilans déjà effectués et réduire les effectifs par classe.
JLM,"Etendre la scolarité obligatoire à 18 ans, en proposant, si nécessaire, une garantie d'autonomie à partir de 16 ans."
PEC,"Créer des établissements publics sous contrat, inspirés des « Charter Schools », avec l'objectif d'avoir à la fin du quinquennat 10 % des établissements sous contrat. Ces écoles, collèges ou lycées fonctionnent avec un triple contrat : avec l'Etat pour déterminer un projet éducatif innovant, avec les enseignants qui sont tous volontaires, avec les parents et les élèves qui doivent respecter une charte d'engagement. Le chef d'établissement a ainsi une totale liberté de recrutement de ses équipes. Il doit suivre les programmes fixés par le ministère, il ne sélectionne pas ses élèves mais peut les exclure en cas de manquements au contrat."
PEC,"Augmenter en primaire de 2 heures par semaine l'enseignement du français, une heure par semaine celui des mathématiques."
PEC,"Instaurer un examen d'entrée en 6è, non pas pour bloquer leur entrée au collège, mais pour créer des classes de 6e de consolidation."
PEC,"Créer une réserve éducative nationale, composée de professeurs retraités, pour accompagner les élèves avec de l'aide aux devoirs gratuits dès la primaire jusqu'au lycée. Cela permettrait aussi d'aider au remplacement d'un professeur absent."
PEC,Créer des structures de réinsertion scolaire dans chaque département avec renforcement encadré pour les élèves les plus perturbateur.
PEC,Disposer d'une instruction du Garde des Sceaux prévoyant l'obligation de poursuite de tous les faits d'agression ou d'outrage envers un enseignant. Et restauration des peines planchers lorsque l'agresseur est un parent d'élève.
PEC,"Mettre en place un Conseil des droits et des familles, présidé par le maire, dans toutes les villes de plus de 15 000 habitants, qui pourra décider de sanctionner financièrement des parents défaillants en suspendant leurs allocations familiales."
PEC,"Diversifier le recrutement et encourager les deuxièmes carrières dans l'enseignement en créant des contrats d'émission éducative de 5 ans, qui mettront fin à la précarité des enseignants vacataires (qui représentent aujourd'hui jusqu'à 10 ou 15 % des effectifs dans certaines académies). Et régionaliser le recrutement des enseignants au niveau du CAPES et la gestion de leur carrière pour mettre fin au paradoxe de la situation actuelle, où le ministère de l'éducation continue d'envoyer les jeunes profs, malgré eux, dans les établissements les plus difficiles."
PEC,Revaloriser l'ensemble de leurs missions éducatives des enseignants. Il faut aussi permettre aux professeurs des écoles de faire des heures supplémentaires pour le soutien scolaire.
ROU,Mettre fin à ParcourSup.
ROU,Allonger le temps scolaire pour avoir moins de devoirs à la maison.
ROU,"Garantir la stabilité des équipes pédagogiques en reconstruisant la médecine scolaire, en recrutant des AED, des ATSEM, des AESH, des CPE et du personnel administratif."
ZEM,Pour le retour de l'uniforme à l'école.
ZEM,"Suppression des allocations aux parents qui ne ""sanctionnent pas leur enfant"" pertubateur."
ZEM,"Retour à l'enseignement patriotique, retour du ""par coeur"" et des leçons magistrales comme méthodologie d'apprentissage et fin du contrôle continu pour les lycéens"
ZEM,Facultés plus sélectives et retour du contrôle des universités par l'Etat.
ZEM,Fin des sensibilisations sur la théorie du genre dans les écoles.
MON,"Réaffirmer les principes de la loi de 1905 séparant l'Église et l'État, et « combattre pied à pied l'islamisme politique parce qu'il faudra le démanteler »."
JLM,"Interdire aux ministres et préfets d'assister à des cérémonies religieuses, refuser l'attribution du titre de chanoine de Latran au Président de la République."
JLM,Combattre tous les communautarismes et l'usage politique des religions.
JLM,"Refuser les financements publics d'édifices religieux, d'activités cultuelles et d'établissements confessionnels."
JLM,Abroger le concordat d'Alsace-Moselle et les divers statuts spécifiques en vigueur dans les Outre-Mer.
JLM,Garantir la présence d'une école publique laïque dans chaque commune du pays.
JLM,Rétablir et augmenter les moyens et l'autonomie de la mission interministérielle de vigilance et de lutte contre les dérives sectaires.
PEC,Interdiction du port du voile pour les auxiliaires de service public.
PEC,"Continuer de permettre le port du voile à l'université, lutter contre les hommes qui forcent leur femme à porter le voile."
PEC,Préserver le droit au blasphème.
PEC,Interdire le burkini à la piscine municipale.
PEC,"Imposer un serment de respect de la laïcité et des valeurs de la République au recrutement des agents publics des 3 fonctions publiques (Etat, hôpitaux et collectivités territoriales)."
DUP,"Politique d'accession à la propriété : élargissement du prêt à taux zéro, contrat de location accession pour les logements sociaux, garantie de l'Etat sur une partie de l'apport personnel."
HID,Rénover massivement les bâtiments et les logements.
HID,"Généraliser l'encadrement des loyers, de manière à s'assurer que les Français ne paient pas plus d'un tiers de leurs revenus pour se loger."
JAD,"Nouvelle loi SRU imposant la réalisation de 30 % de logements sociaux avec :</p><ul><li>rénovation thermique dans chaque commune (soit, par an, 500 000 logements neufs aux meilleures normes d'efficacité énergétique et 200 000 logements rénovés),</li><li>transfert automatique des permis de construire aux Commissaires aux transitions dans les communes récalcitrantes,</li><li>organise une politique de mixité sociale et de peuplement pour lutter contre les ghettos.</li></ul><p>Les dotations publiques aux communes seront indexées sur l'effort de construction sociale et très sociale."
JAD,Rénovation de 800 000 logements sociaux mal isolés et construction de 700 000 logements sociaux.
JAD,"Mettre en place une politique de rénovation des logements accessible aux ménages modestes, par exemple par une avance complète du coût des travaux par les énergéticiens."
JAD,Réfection de patrimoines anciens ou la transformation d'immobilier de bureaux en habitation.
JAD,"Transférer la compétence de délivrance des autorisations d'urbanisme à l'Etat, le temps nécessaire à l'atteinte des quotas de la loi relative à la solidarité et au renouvellement urbain (SRU) de 2000."
JAD,Mettre en place une assurance universelle sur les loyers.
JAD,Mettre à disposition des collectivités des moyens de lutter réellement contre l'évaporation des logements via Airbnb et les autres plates-formes.
MLP,Réserver une part du parc de logements sociaux aux policiers.
MON,"Programme de ""Retour à la terre"" pour les Français qui veulent s'éloigner des métropoles par le rachat de l'état des 1 million de biens immobiliers vacants de très faible valeur à remettre en état pour les donner gratuitement à tous ceux qui veulent quitter les métropoles et venir s'y installer. Il y aura seulement trois contreparties : ne pas être déjà propriétaire, le remettre en état et l'habiter durablement."
JLM,"Rendre la rénovation des logements ""passoires thermiques"" obligatoires avant toute mise en location. Rendre obligatoire un ""permis de louer"" dans toute la France et lancer un grand plan de rénovation des logements."
JLM,"Empêcher le droit de propriété privée de prévaloir sur la protection de l'eau, l'air, l'alimentation, le vivant, la santé, l'énergie, la monnaie."
JLM,Interdire les expulsions locatives sans relogement.
JLM,Construire 200 000 logements publics par an pendant 5 ans aux normes écologiques.
JLM,Mettre en place une garantie universelle des loyers.
JLM,Imposer les hautes transactions immobilières par une taxe progressive.
JLM,"Mettre en place un ""guichet unique"" public pour les propriétaires devant faire des rénovations et réduire l'impact écologique des travaux."
JLM,Rehausser le quota de logements sociaux dans les villes à 30% et aggraver les sanctions contre les communes hors la loi.
JLM,Encadrer les loyers partout sur le territoire et à la baisse dans les grandes villes.
JLM,Imposer les hautes transactions immobilières par une taxe progressive pour financer la lutte contre le logement indigne.
JLM,Réquisitionner les logements vides et les remettre sur le marché. Lutter contre la spéculation sur le logement en limitant les locations de courtes durée.
JLM,Construire 15 000 logements universitaires.
PEC,"Régionaliser les politiques du logement pour construire plus et mieux en donnant la possibilité de moduler l'offre de logements et les aides, comme le PTZ (Prêt à Taux Zéro) ou Ma Prime Rénov', en fonction des besoins économiques, des transports et des particularités du territoire. Ces aides seront ainsi plus adaptées à la situation de chaque habitant au regard de son territoire."
PEC,"Simplifier la réglementation et mettre en place une fiscalité plus incitative pour transformer les bureaux en logements, l'objectif ZAN devant être évidemment adapté à la situation particulière des zones rurales."
PEC,Investir sur les friches pour les rendre viables et ainsi libérer du foncier.
PEC,"Résorber les ghettos urbains avec un plafond anti ghetto qui limite à 30% la proportion de logements très sociaux dans une commune afin de promouvoir la mixité sociale, comme ce qui a été fait en Île-de-France depuis 2016."
PEC,"Garantir un droit au logement prioritaire des travailleurs de première ligne dans leur ville de résidence avec un triple objectif : protection de l'environnement, justice sociale et mixité sociale."
PEC,Créer une garantie immobilière solidaire pour annuler les surprimes d'assurance que subissent les personnes en risque de santé quand elles veulent emprunter et ainsi leur permettre d'accéder au logement.
PEC,Diviser par 4 le temps de jugement des recours contre les opérations immobilières afin que le jugement soit rendu en 6 mois.
ZEM,Exonérer les primo-accédants d'un bien immobilier allant jusqu'à 250 000 euros des frais de notaire.
DUP,Indexation des retraites sur l'inflation.
MLP,Retraite à 60 ans avec 40 annuités de cotisation.
JLM,Rétablir la retraite à 60 ans et fixer la durée de cotisation pour une retraite complète à 40 ans.
JLM,Abroger la retraite à point si jamais elle venait à être mise en place.
JLM,Revaloriser les pensions de retraite au niveau du SMIC pour une carrière complète et porter le minimum vieillesse au niveau du seuil de pauvreté.
JLM,Prendre en compte le RSA pour valider des trimestres en vue de la retraite.
JLM,"Augmenter de 0,25 point par an durant le quinquennat le taux de cotisation vieillesse et soumettre à cotisation les revenus d'intéressement, de participation, d'épargne salariale ainsi que les revenus financiers des entreprises."
JLM,Indexer le montant des retraites sur les salaires.
JLM,Interdire au Fonds de réserve pour les retraites d'investir dans des secteurs polluants.
PEC,Engager la réforme des retraites tout en assurant une retraite minimum équivalente au SMIC.
PEC,Retraite à 65 ans dès 2030.
ROU,Augmenter les pensions.
ZEM,Age légal de la retraite à 64 ans.
DUP,"Ouverture d'un nouvel établissement de santé par département (hôpital, maternité, etc.), pour un total de 20 000 nouveaux lits."
DUP,Création d'une bourse pour les étudiants en médecine en échange de laquelle ils s'engageront à s'installer dans une zone sous-dotée pendant leurs 5 premières années.
DUP,Relocalisation de la production des médicaments principaux et stratégiques : création d'un seuil de 50% de production en France pour qu'un médicament soit remboursé par la Sécurité sociale.
HID,Grand plan pour sauver l'hôpital public.
HID,Empêcher la fermeture de 5 700 lits d'hopitaux.
HID,Supprimer les agences régionales de santé (ARS).
HID,Fin de la tarification à l'acte.
JAD,"Lancer un vrai SÉGUR de la Santé pour revaloriser l'engagement des soignant.es, augmenter les effectifs et repenser la gouvernance de l'hôpital."
JAD,Retour à la gratuité des tests Covid.
JLM,"Engager un plan pluriannuel de recrutement des professionnels du soin et du médico-social, revaloriser les métiers et les revenus et augmenter les capacités d'acceuil."
JLM,"Réouvrir des services d'urgences, des maternités et des EHPAD publics assurant un service de santé public de proximité à moins de 30min de chaque Français. Créer 10 000 places par an en EHPAD et ce, pendant 5 ans et recruter au moins 210 000 personnes."
JLM,"Créer un pôle public du médicament pour faciliter l'égal accès aux traitements, protéger la recherche de la finance et supprimer l'influence des entreprises privées dans les activités médicales et hospitalières, notamment par l'arrêt de l'accès libre des visiteurs médicaux à l'hôpital public."
JLM,"Combler les déserts médicaux, et créer un corps de médecins généralistes fonctionnaires rémunérés pendant leurs études afin de pallier l'insuffisance de médecins dans certaines zones. Suppression du numerus clausus et mobilisation de la médecine libérale. Créer des réseaux de centres de santé pluridisciplinaires publics."
JLM,Affecter les recettes des taxes sur le cannabis à des programmes de lutte contre les addictions et pour une politique de prévention et d'aide à la désintoxication.
JLM,Renforcer la médecine du travail.
JLM,Abroger les lois sur l'état d'urgence sanitaire et le pass sanitaire.
JLM,Interdire le dépôt de brevets sur les médicaments et les équipements nécessaires à une réponse sanitaire urgente. Réquisitionner les entreprises indispensables à la production de matériel sanitiaire.
JLM,"Supprimer la tarification à l'acte, revenir à la dotation globale de fonctionnement ainsi que sur les suppressions de lits et de personnels."
PEC,Les tests PCR et antigéniques doivent être payants pour pousser à la vaccination.
PEC,Élargir les compétences de tous les professionnels de santé et créer un nouveau métier d'« infirmier praticien » et mettre en place une procédure accélérée et simplifiée d'autorisation des délégations de tâche entre professionnels de santé.
PEC,"Créer un statut spécial pour les travailleurs des hôpitaux en favorisant leur droit au logement, qu'ils soient prioritaires, notamment dans les villes (valable pour tous les travailleurs de première ligne)."
ROU,"Engager un plan d'urgence, un plan de recrutement des personnels soignants et, pour cela, revaloriser ces metiers."
ZEM,Suppression de l'aide médiacale d'Etat (AME).
ZEM,Supression du pass sanitaire.
ZEM,Vaccination : réserver les doses de rappel uniquement pour les plus de 65 ans et hostile à la vaccination des enfants.
ZEM,Embauche par l'État embauche de 1 000 médecins pour les envoyer comme salariés dans les déserts médicaux.
ZEM,Restaurer le système de garde des médecins libéraux.
ZEM,Suppression du numerus clausus et doublement de la capacité de formation.
DUP,Arrêt immédiat de la hausse des péages via la renationalisation des autoroutes ; et suppression définitive des péages en 2027 une fois les emprunts remboursés.
DUP,Suppression des restrictions de circulation liées à l'extension des Zones à Faibles Emissions dans les agglomérations de plus de 150000 habitants ; et vraie lutte contre la pollution atmosphérique majeure des flux maritimes liés aux échanges internationaux.
DUP,Suppression du permis à point  tout en luttant contre les vrais chauffards qui roulent sans permis avec des sanctions pénales fortes.
HID,Diminuer la vitesse sur les autoroutes de 130 à 110km/h.
JAD,"La vente de voitures diesel et thermiques classiques sera interdite à partir de 2030. Le plan de transition automobile sera bâti avec les constructeurs, les équipementiers, les salarié-e-s, les collectivités, les consommateurs et les associations. Un bonus écologique sera accordé à l'achat ou à la location de véhicules d'occasion à basses émissions."
JAD,"Les Zones à Faibles Emissions seront généralisées au-delà des zones urbaines actuelles, d'ici à 2025 pour le diesel et d'ici à 2030 pour l'essence."
JAD,Nous investissons sur les trains du quotidien et les gares de proximité. Nous instaurons un cadre favorisant le report des modes de transport depuis la route vers le fret ferroviaire et fluvial pour réduire de 50 % les émissions du transport logistique d'ici à 2030.
MLP,"Nationalisation des autoroutes : pour permettre de faire baisser de 10 à 15% les péages et un milliard et demi d'euros devraient également revenir dans le budget de l'Etat, pour permettre de financer une politique de réaménagement du territoire."
MLP,Opposée à l'interdiction des voitures dans les villes.
MLP,Créer un crédit d'impôt sur l'IS portant sur une partie du montant des péages autoroutiers réglés par les transporteurs.
MLP,Supprimer la taxe à l'essieu.
MLP,"Gratuité des trains pour les étudiants et les jeunes travailleurs, en dehors des heures de pointe."
MON,"Organiser une France sans pétrole. Pour commencer tout de suite ces investissements de l'après-pétrole, nationalisation des sociétés concessionnaires d'autoroutes pour que les les péages et les 3 milliards de dividendes annuels financent l'écologisation des transports en commun, la généralisation de la voiture électrique, le retour des petites lignes de train, le ferroutage."
JLM,Renationaliser la SNCF et refuser la mise en concurrence des lignes de transports
JLM,"Refuser la suppression des lignes ferroviaires du quotidien et en réouvrir, augmenter le nombre de trans et garantir des tarifs accessibles, maintenir des guichets phyisques dans les gares."
JLM,"Développer les transports écologiques : refuser la libéralisation et la mise en concurrence du transport ferroviaire, adopter un plan de développement du ferroutage et de report modal (cabotage maritime et fluvial), nationaliser les autoroutes et les aéroports stratégiques."
JLM,"Repenser la mobilité individuelle : développer les usages partagés de la voiture et les mobilités douces (vélo, etc.)."
JLM,Supprimer les lignes aériennes quand l'alternative en train est inférieure à 4h.
JLM,Systématiser le recours au fret fluvial dès que possible.
PEC,Proposer une aide de 6 000 € à l'achat d'un véhicule propre.
PEC,Ne plus produire de voitures thermiques d'ici 2035 et développer les bornes de recharges et les filières industrielles françaises de production de tous les modes de transport électriques.
PEC,"Ne pas nationaliser les autoroutes, car les concessions finissent d'ici 9 ans."
PEC,Baisser le prix des cartes grises de voitures non-polluantes.
PEC,"Ne pas limiter l'accès des voitures aux centres-villes, seulement aux hyper centres."
PEC,"Instaurer un véritable service minimum dans les transports publics, se traduisant par un service normal aux heures de pointe."
ZEM,Supprimer le permis à points.
ZEM,Instaurer une limite de vitesse à 90km/h sur toutes les nationales.
ZEM,Retour aux 50km/h dans les agglomérations.
ZEM,Remboursement de la moitié des frais d'essence par l'entreprise pour tous les Français qui utilisent leur voiture pour aller travailler.
HID,Lancer une assurance chômage universelle.
JLM,Créer une garantie d'emploi : tout chômeur de longue durée pourra se voir proposer d'être embauchée au moins au SMIC - revalorisé - dans un secteur d'urgence.
JLM,Indemniser les chômeurs en fonction de leurs derniers salaires grâce à une assurance calculée à partir du premier jour de travail.
JLM,"Supprimer l'obligation d'accepter une soi-disant ""offre raisonnable d'emploi""."
JLM,Cesser la radiation des chômeurs à la première absence à un rendez-vous et en finir avec la logique de radiation.
JLM,Rétablir un régime d'assurance-chômage spécifique pour les intermittents de l'emploi et les intérimaires.
JLM,Elargir la médecine du travail aux chômeurs avec visite obligatoire au-delà de 6 mois.
PEC,Poursuite de la réforme de l'assurance chômage en renforçant la dégressivité des allocations pour inciter à reprendre un travail ou une formation plus tôt.
HID,Passer à 32 heures par semaine.
JAD,"Un droit au télétravail sera instauré (par exemple un jour par semaine), à décliner par la négociation collective. Pour les salarié-e-s ne pouvant en bénéficier, un droit à la modulation des horaires sera introduit pour faciliter la vie quotidienne, notamment par rapport aux transports"
JLM,"Rétablir immédiatement la durée légale hebdomadaire à 35 heures en majorant les heures supplémentaires, cotisations incluses à 25% pour les 4 premières et à 50% au-delà. Passer aux 32 heures dans les métiers pénibles ou de nuit et favoriser leur généralisation par la négociation collective."
JLM,"Abroger la loi El Khomri et les ordonnances Pénicaud, rétablir la hiérarchie des normes sociales, le principe de faveur et les « Comité d'hygiène, de sécurité et des conditions de travail »."
JLM,Interdire les licenciements boursiers et le versement de dividendes dans les entreprises ayant recours à des licenciements économiques.
JLM,"Réformer les tribunaux de commerce et les procédures de redressement et liquidation d'entreprise pour donner plus de pouvoirs aux salariés, empêcher les licenciements économiques d'être effectifs avant épuisement des recours."
JLM,Garantir les pouvoirs de l'inspection du travail et des instances représentatives des salariés.
JLM,"Garantir la continuité du revenu en cas de perte d'emploi ou de retrait d'activité dans le cadre d'une sécurité sociale professionnelle. Assurer la continuité des droits personnels hors du contrat de travail (droit à la formation, ancienneté, etc.)."
JLM,Établir un « droit opposable à l'emploi » par l'embauche publique des chômeurs volontaires sur des tâches d'intérêt général.
JLM,Généraliser une 6e semaine de congés payés pour tous les salariés.
JLM,"Convoquer une conférence nationale sur le partage du temps de travail et l'impact du progrès technologique, favoriser le passage à la semaine de quatre jours pour aller vers les 32 heures et appliquer les 32 heures pour les salariés en travail de nuit et les métiers pénibles."
JLM,Revaloriser les métiers occupés majoritairement par des femmes et lutter contre le temps partiel contraint qui touche à 80% des femmes.
JLM,Favoriser des congés parentaux de durée identique entre les parents.
JLM,"Instaurer un « contrat jeune » d'une durée de cinq ans, dans le secteur non marchand et public."
JLM,Remettre en cause les autorisations de travail le dimanche.
JLM,Requalifier les travailleurs des plateformes numériques en contrat de travail salarié.
PEC,Permettre aux entreprises de négocier une hausse du temps de travail.
PEC,"Instaurer un congé parental aménageable, qui pourrait être pris à différents âges de l'enfant."
ZEM,Augmenter les heures de travail pour passer à plus de 35h.
ZEM,"Mise en place d'un index pour évaluer la présence des seniors dans les entreprises, comme celui qui existe pour la parité femmes-hommes."
HID,Lancer une politique de encourager massivement le syndicalisme.
JLM,"Mettre fin au monopole de la parole des patrons par le Medef et fonder la représentativité des organisations patronales sur la base d'élections des chefs d'entreprise, comme pour les syndicats de salariés."
JLM,"Faire voter un loi d'amnistie pour les syndicalistes, militants écologistes, associatifs et les Gilets jaunes qui ont été condamnés pour leur participation à la vie publique."
MLP,Un chèque formation pour les entreprises.
JLM,"Garantir le maintien du revenu en cas de reconversion ou de formation et donner à chaque salarié le droit à 36 heures de formation par an, librement utilisables dans le domaine de son choix."
JLM,"Intégrer les périodes de stages et d'apprentissages dans la sécurité sociale professionelle (ancienneté, congés, formation)."
JLM,Créer des centres polytechniques professionnels.
JLM,Rétablir d'encadrement de la création de centres de formation d'apprentis sous l'autorité des régions et interdire les diplômes privés professionnels.
JLM,Rétablir le bac pro en 4 ans et y renforcer les enseignements généraux.
JLM,Réserver la taxe d'apprentissage aux établissements publics.
PEC,"Stratégie de soutien aux études, d'insertion professionnelle et d'accès au logement des jeunes."
PEC,"Création d'une banque des jeunes pour assurer le financement des études pour tous, avec un remboursement différé après l'entrée dans la vie active, et conditionné à un niveau minimum de revenu."
PEC,"Pour aider les jeunes à trouver un contrat d'apprentissage, les entreprises de moins de 10 salariés bénéficieront d'une exonération totale de charges patronales."
DUP,"Allègement massif des normes : pour toute nouvelle norme, deux doivent être supprimées."
DUP,75% des marchés publics réservés aux fabrications françaises.
DUP,Renégociation des traités de libre-échange déloyaux et interdiction des produits ne respectant pas nos critères environnementaux.
DUP,Impulsion donnée à la recherche française en portant les crédits alloués à 3% du PIB pour développer notre souveraineté numérique et scientifique.
HID,"Relocaliser nos entreprises, réindustrialiser tous les territoires."
HID,"Développer de nouvelles activités en France, développer une politique industrielle donnant à la France des positions fortes dans l'économie durable de demain."
MON,Remonter de 5 points de richesse nationale notre industrie pour rattraper l'Espagne et l'Angleterre.
MON,"Fabriquer sur le sol national la soixantaine de produits critiques que nous importons au prix de notre souveraineté perdue : dans l'électronique, la pharmacie, l'alimentation, le machinisme. Pour cela, 3 à 4 usines nouvelles par département dont on aura le soin de faire profiter la France des départements désindustrialisés."
JLM,"Relocaliser d'urgence les productions essentielles à la vie de notre pays : adopter des mesures anti-dumping d'urgence sur les industries stratégiques, augmenter immédiatement les droits de douane pour les pays aux droits sociaux limités."
JLM,"Créer une Agence pour les relocalisations dépendant du Conseil à la planification écologique, chargée de recenser les secteurs industriels indispensables à la souveraineté nationale et à la bifurcation écologique, et établir un plan de relocalisation pour chaque filière ou production stratégique identifiée."
JLM,"Favoriser l'installation d'entreprises, d'artisans, de commerçants par la mise en place d'aides spécifiques."
JLM,"Gérer les risques industriels avec la création d'une autorité de sûreté indépendante des risques industriels, augmenter le nombre d'inspecteurs des Installations classées pour la protection de l'environnement (ICPE) et augmenter le seuil de l'amende maximale pour les ICPE à 500 000 euros."
JLM,"Réviser le Code des marchés publics pour favoriser les entreprises sociales et solidaires, écologiques et locales."
JLM,Instaurer une taxe kilométrique aux frontières de la France pour dissuader les délocalisations et l'importation de produits trop éloignés.
JLM,Exgier un dépôt de garantie préalable aurpès de la Banque de France en contrepartie d'un investissement étranger dans le pays.
JLM,Etablir des critères de localisation de l'activité pour la commande publique nationale et locale et pour l'accord des aides aux entreprises.
JLM,Rendre effectives les peines de réquisition d'intérêt général pour toute délocalisation ou fermeture d'activité.
ZEM,Revaloriser la production française en augmentant les taxes sur les importations extra-européennes.
JAD,"Mise en place une gouvernance des grandes entreprises avec conseil de surveillance et directoire, similaire à celle qui existe en Allemagne. ""Dans les entreprises de plus de 500 salarié-e-s, un tiers des membres du Conseil de surveillance sont des représentant-e-s des salariés. Cette proportion est portée à la moitié dans les entreprises de plus de 2 000 salarié-e-s. Le Comité social et économique et les Commissions Santé, Sécurité Conditions de Travail voient leur pouvoir de contrôle renforcé sur les décisions managériales dans les domaines concernant le plus directement les conditions d'emploi et de santé des salarié-e-s""."
MON,"Mettre à l'écart les grandes entreprises étrangères (particulièrement américaines soumises au ""Patriot act"") au profit des entreprises françaises : ""Tous les grands cabinets de conseil, les grandes banques, les fonds d'investissement sont soumis au 'Patriot Act [...] la totalité des informations qui y circulent sont directement capturées et sont sous législation américaine""."
JLM,Accorder de nouveaux droits de contrôle aux comités d'entreprise sur les finances de leur entreprise.
JLM,Instaurer le droit pour les salariés à un vote de défiance à l'égard des dirigeants d'entreprises ou des projets stratégiques.
JLM,Renforcer le pouvoir d'intervention des salariés contre les licenciements économiques par un droit de veto suspensif des comités d'entreprise.
JLM,Reconnaître un droit de préemption aux salariés pour former une coopérative en cas de fermeture ou de vente de leur entreprise. Et rendre effectif le droit de réquisition des entreprises d'intérêt général par l'État.
JLM,"Créer une mission parlementaire spéciale dressant le bilan de toutes les faveurs fiscales et les privatisations (abandons de fleurons comme Alstom, Alcatel, EADS hellip;) depuis trois décennies, permettre la mise en examen et la détention préventive des suspects."
JLM,Pénaliser le versement de dividendes et interdire aux entreprises de distribuer un montant de dividendes supérieur à leur bénéfice.
JLM,Mettre fin à la cotation continue des entreprises en bourse et moduler les droits de vote des actionnaires selon la durée d'engagement dans l'entreprise.
JLM,"Socialiser des banques généralistes, en vue de financer les petites entreprises sur critères sociaux et écologiques."
JLM,Augmenter les sanctions financières et pénales contre les entreprises qui ne respectent pas l'égalité salariale femmes-hommes.
PEC,"Réconciliation du travail et du capital, d'ici à 5 ans, toutes les sociétés cotées devront atteindre le seuil de 10 % de leur capital détenu par leurs salariés."
ZEM,"Pour le pouvoir d'achat, je propose aussi l'extension de la participation et sa simplification. Je veux abaisser le seuil à 11 salariés pour permettre aux salariés des petites entreprises d'en bénéficier."
ZEM,"Création d'un fond souverain, adossé au Livret A, pour développer nos entreprises."
JAD,"Conditionner tous les soutiens publics dont bénéficient les entreprises (aides publiques, marchés publics...) au respect de l'environnement, du progrès social et de l'égalité entre les femmes et les hommes."
JAD,"Des fonds de relocalisation et de réindustrialisation seront créés dans chaque région, abondés par le transfert d'une partie des impôts de production."
JLM,Repousser de deux ans le remboursement des PGE.
JLM,"Conditionner toute aide d'Etat aux grandes entreprises à des objectifs sociaux, écologiques et fiscaux contraignants et exiger le remboursement des aides en cas de non-respect des contreparties."
JLM,Mettre en place une caisse de défaisance pour reprendre les dettes privées asphyxiantes des TPE/PME contractées pendant la pandémie et les dettes agricoles des convertis au 100% bio.
DUP,"Hausse de salaire de 8% (équivalent d'un 13ème mois) pour tous les salariés jusqu'à 3 SMIC et pour les indépendants par une baisse de charges, financée par la lutte contre les gaspillages et les fraudes. (Coût : 20 milliards d'euros)."
HID,Valoriser le travail en permettant aux salaires de remonter.
HID,"Augmentation de 15% des salaires invisibles (soignants, caissières, etc.)."
HID,Augmenter le SMIC de 10 à 15%.
MON,"Une revalorisation significative de tous les bas salaires publics et privés, des salaires en dessous de la moyenne, doit être décidée au profit des classes populaires et des classes moyennes. Et cela par la négociation, ou par la loi."
MON,Revaloriser le smic de 10%.
MON,Ressusciter le dividende salarié = Un dividende salarié égalitaire doit être distribué à tous les salariés des entreprises de plus de 10 employés.
JLM,Porter immédiatement le SMIC mensuel à 1400 euros nets.
JLM,Fixer un salaire maximum autorisé pour limiter l'écart de 1 à 20 entre le salaire le plus bas et le salaire le plus haut dans une entreprise.
JLM,Interdire les parachutes dorés et les retraites chapeaux.
JLM,Supprimer les stock-options.
JLM,Créer dans l'entreprise une commission de contrôle salarié sur l'égalité entre les femmes et les hommes.
PEC,"Augmenter dans les 5 ans les salaires nets inférieurs à 2,2 SMIC de 10%, hors inflation. Le basculement des cotisations vieillesse salariales vers les entreprises représentera déjà une hausse de 8,3% du salaire net. L'Etat compensera les entreprises à hauteur des 2/3 de leurs coûts et négociera le tiers restant avec elles dans le cadre d'une conférence salariale et sociale annuelle."
PEC,Organiser une conférence salariale annuelle avec les syndicats et les entreprises.
PEC,"Refuser le RSA jeune, mais créer un « revenu jeune de 670 euros, mais qui sera destiné uniquement aux jeunes qui se formeront à plein temps, dans les métiers qui recrutent »."
PEC,"Mieux associer le travail au capital en se fixant comme objectif que 10% du capital des sociétés cotées soit détenu par leurs salariés, sur 5 ans. Les entreprises non-cotées devront aussi suivre le mouvement."
ROU,"Augmenter le SMIC de 20%, à 1 800 euros bruts."
ZEM,Contre l'augmentation du SMIC.
ZEM,Revaloriser les salaires nets par la baisse de la CSG sur les bas salaires.
JLM,Exiger de l'Union européenne que la Banque centrale européenne rachète les dettes publiques et les transforme en dettes perpétuelles à taux nul.
JLM,Réaliser un audit citoyen de la dette publique pour déterminer la part illégitime et préparer un réaménagement négocié de la dette publique.
JLM,"Rétablir un circuit public du Trésor où les institutions bancaires ont obligation de déposer leur trésorerie, pour extraire l'État des marchés financiers et reprendre le contrôle sur les taux d'intérêt."
JLM,Faire recheter par la BCE la dette publique qui circule sur les marchés financiers.
JLM,Retirer la dette Covid des comptes de la Sécurité sociale.
PEC,"Sur dix ans, ramener la dette dans des proportions plus supportables, vers 100 % du PIB."
PEC,Repenser la règle des 3% de déficit public au niveau communautaire en sortant les dépenses liées à la défense et à la transition énergétique afin de combiner bonne gestion des finances publiques et capacité à réaliser des investissements d'avenir.
JAD,"50 milliards d'euros de dépenses publiques supplémentaires par an : ""Chaque euro sera conditionné au climat, à la justice sociale et à l'égalité femmes-hommes""."
PEC,Mener un audit du « quoiqu'il en coûte » afin de supprimer les dépenses publiques inefficaces.
PEC,Réaliser 45 milliards d'euros d'économies grâce à ces réformes et percevoir 15 milliards d'euros de recettes supplémentaires par la privatisation d'entreprises concurrentielles dans lesquelles l'État n'a pas vocation à être un actionnaire minoritaire.
DUP,Renationalisation des autoroutes.
MLP,"Nationalisation des autoroutes : pour permettre de faire baisser de 10 à 15% les péages et un milliard et demi d'euros devraient également revenir dans le budget de l'Etat, pour permettre de financer une politique de réaménagement du territoire."
MON,Nationalisation des sociétés concessionnaires d'autoroutes.
JLM,"Revenir sur les privatisations (aéroports, autoroutes, Française des Jeux, etc)."
JLM,Rendre effectif le droit de réquisition des usines et entreprises d'intérêt général par l'Etat.
JLM,Décréter un moratoire sur les partenariats publics-privés et abroger les dispositions législatives les permettant.
JLM,"Créer une mission spéciale dressant le bilan des faveurs fiscales, des privatisations et des abandons de fleurons comme Alstom, Alcatel, EADS depuis 30 ans pour permettre la mise en examen et la détention préventive des suspects."
ROU,"Revenir aux nationalisations d'entreprises, ""un investissement sur le long terme""."
ZEM,Privatisation du service public de l'audiovisuel.
HID,Développer une agriculture respectueuse de l'environnement et du revenu de celles et ceux qui la pratiquent.
JAD,Inderdition des néonicotinoïdes et le glyphosate dès 2022.
JAD,"Imposer un moratoire sur les extensions et les nouvelles installations. D'ici à 2025, il n'y aura plus d'élevage industriel en France."
JAD,"D'ici à 2030, 30% des fonds de la PAC seront destinés à approvisionner la restauration collective publique (écoles, universités, hôpitaux, établissements publics...) en produits 100 % bio, de qualité et de proximité. La TVA est supprimée sur les produits bio et de proximité pour rendre l'alimentation saine accessible à tous."
JAD,"Nous préconisons l'autonomie en protéines : les importations de soja doivent cesser dans dix ans, pour mettre un terme à la déforestation importée et garantir notre souveraineté alimentaire. Nous soutenons la consommation de légumineuses et la réduction de la consommation des produits d'origine animale."
JLM,"Créer 300 000 agricoles en instaurant une agriculture relocalisée, diversifiée et écologique."
JLM,"Garantir des prix rémunérateurs aux producteurs par des prix planchers pour les agriculteurs, interdire les ventes à perte et mettre en place une caisse de défaisance pour reprendre les dettes agricoles des convertis au 100% bio."
JLM,"Refondre la PAC et orienter les aides publiques agricoles pour favoriser la production écologiquement soutenable, l'intensité en main-d'oeuvre des exploitations et le développement des protéines végétales."
JLM,Faire une réforme agraire pour encourager l'installation de nouveaux agriculteurs et permettre le développement d'un tissu de nombreuses exploitations à taille humaine.
JLM,"Planifier la réduction progressive des doses d'engrais et de pesticides, interdire immédiatement les plus dangeureux (glyphosate, etc)."
JLM,Instaurer un protectionnisme écologique en fonction des conditions de production et de rémunération du travail agricole.
JLM,Encadrer les prix alimentaires par des prix maximaux établis par un coefficient multiplicateur et limiter le smarges de la grande distribution.
JLM,"Développer les circuits courts pour réduire la circulation des marchandises et l""utilisation d'emballages."
JLM,"Porter l'alimentation dans la restauration collective à 100% biologique et locale, réduire la part des protéines carnées au profit des protéines végétales et y imposer une option végétarienne quotidienne."
JLM,Arrêter les activités dangeureuses pour la santé et l'environnement (comme les engrais à base de nitrate d'ammonium) et planifier la reconversion des travailleurs.
JLM,"Interdire les fermes-usines et tous les élevaes de production de fourrure et ce, immédiatement pour les élevages de visons."
JLM,Interdire les pratiques de chasse.
PEC,Taxer les importations ne respectant pas les normes françaises.
PEC,Durcir la PAC.
PEC,Accroître les surfaces agricoles biologiques.
PEC,Dynamiser le développement des produits locaux.
PEC,Placer les intérêts agricoles au cœur des négociations commerciales européennes.
PEC,Aider les agriculteurs à obtenir des prix rémunérateurs en favorisant leur regroupement et la contractualisation.
PEC,Aider les agriculteurs à obtenir des prix rémunérateurs en favorisant leur montée en gamme.
PEC,Adopter une politique alimentaire européenne en ligne avec nos impératifs agricoles.
PEC,"Encourager la diversification des exploitations et mieux rémunérer la multifonctionnalité de l'agriculture, notamment dans le domaine environnemental."
PEC,"Réduire l'impact des fluctuations de marché sur le revenu des agriculteurs, en développant notamment le recours aux assurances."
PEC,Revaloriser les retraites agricoles.
PEC,Réformer la fiscalité agricole pour l'adapter aux réalités du secteur. Alléger les cotisations sociales des agriculteurs.
PEC,Mettre fin au dumping réglementaire et environnemental.
PEC,"Réduire l'impact des fluctuations de marché sur le revenu des agriculteurs, en développant notamment le recours aux assurances."
DUP,"Développement des circuits-courts dans l'alimentation et l'approvisionnement des cantines scolaires, et interdiction massive des perturbateurs endocriniens."
DUP,Interdiction des produits obsolescents et lancement d'un programme zéro déchets sur 10 ans pour nos océans.
HID,Développement d'un plan sur 5 ans pour décarbonner l'économie.
HID,"Accompagner chacun dans la fin du recours aux énergies fossiles. passer de l'économie de la consommation à l'économie de la réparation, se déplacer sans abîmer."
HID,"Lutter contre l'artificialisation des sols, améliorer le respect de la condition animale, encadrer davantage les entreprises polluantes."
HID,"Objectif : neutralité carbone en 2050 et faire voter au Parlement, chaque année, un budget carbone de la Nation."
HID,"Mettre fin aux subventions publiques aux activités néfastes (énergies fossiles, pesticides, etc.)."
JAD,L'objectif de zéro artificialisation net d'ici à 2050 devra être tenu.
JAD,Développement d'une grande filière de la rénovation avec comme objectif la création de 200 000 emplois.
MLP,Lancer un plan massif de 200 milliards d'euros d'investissements écologiquement et socialement utiles.
MLP,Assurer l'isolation d'au moins 700 000 logements par an.
MLP,Réduire l'impact écologique : développer la construction Bois Terre Paille.
MLP,"Bannir les pesticides et instaurer des zones-tampons, lutter contre l'artificialisation des sols, gérer durablement l'eau (dépollution et régies publiques)."
MLP,"Opposition au glyphosate et produits importés qui en contiennent, favoriser le made in France plutôt que les produits importés."
MLP,Conditionner l'obtention de labels écologiques à des résultats énergétiques concrets.
MLP,Abolir l'obsolescence prorammée et allonger les durées de garantie légale des produits.
MLP,"Interdire les plastiques à usage unique, remettre en place des consignes pour les bouteilles et bocaux en verre. Rendre obligatoire l'écoconception des produits et généraliser l'indice de durabilité des produits."
MLP,Rendre la collecte séparée des déchets organisques effective et obligatoire à l'horizon 2025.
MLP,Lutter contre l'artificialisation des sols.
MLP,"Empêcher le droit de propriété privée de prévaloir sur la protection de l'eau, de l'air, de l'alimentation, du vivant, de la santé et de l'énergie."
MLP,"Revenir sur les affaiblissements des normes environnementales et établir un plan d'urgence pour la dépollution rapide des régions durablement polluées dont, en priorité, la Guadeloupe et la Martinique (chlordécone)."
MLP,"Créer un haut-commissariat à l'eau pour organiser une gestion 100% publique de l'eau, articulée autour des régies publiques locales."
MLP,"Augmenter les moyens humains et financiers de l'Office national des fôrets et stopper sa privatisation. Améliorer les conditions de travail des forestiers (interdire le travail détaché, etc) et augmenter la part des forêts publiques notamment par la création d'un droit de préemption publiques et la réquisition des parcelles abandonnées."
PEC,Fusionner le Livret A avec le Livret développement durable pour mettre les ressources du Livret A au service de la transition écologique puisqu'à eux deux ils rassemblent près de 469 milliards d'euros.
PEC,"Décarboner les transports : Objectif 2035 pour que tous les véhicules neufs ne consomment plus d'énergies fossiles, pas seulement les voitures, mais aussi camions, cars, bus, trains, deux roues, bateaux, petits avions (Et 50% de biocarburants durables dans les plus gros avions).<br />"
PEC,"Mobilisation citoyenne avec la mise en place d'une  ldquo;Réserve Ecologique rdquo; constituée de membres des associations de protection de l'environnement, de volontaires et de personnes devant réaliser des Travaux d'Intérêt Général (TIG) et équipée par les pouvoirs publics pour réaliser des plans de nettoyage systématiques pour chaque espace naturel protégé, et des actions de prévention."
PEC,Protéger les espaces naturels : 10% du territoire sous protection forte d'ici 20 ans pour protéger la biodiversité et signature d'un accord des pays riverains de la Méditerranée pour l'éradication des rejets de plastiques en mer.
PEC,"Simplifier les lois pour éviter que la justice annule des grands projets de transport ferroviaire après des années de concertation, alors qu'ils sont d'intérêt écologique."
DUP,"Réduction de nos factures d'électricité, en finançant un grand plan d'isolation thermique en utilisant les aides et incitations actuellement réservées aux éoliennes."
JLM,"Revenir sur la libéralisation du marché de l'électricité et du gaz : stopper la privatisation des barrages hydroélectriques, créer un pôle public de l'énergie en renationalisant EDF et Engie et en lien avec des coopératives locales."
JLM,Instaurer une tarification progressive de l'énergie et garantir la gratuité des premières quantités indispensables à une vie digne.
JLM,"Annuler la libéralisation du marché de l'électricité et du gaz : stopper la privatisation des barrages hydroélectriques, créer un pôle public de l'énergie en lien avec des coopératives locales en renationalisant EDF et Engie."
JLM,Annuler les hausses du tarif du gaz depuis 2017.
PEC,Retirer la TVA sur la taxe de l'électricité.
PEC,Réformer le tarif régulé pour que les consommateurs profitent pleinement de la compétitivité de l'énergie nucléaire.
PEC,Remettre à plat les frais commerciaux des opérateurs qui enflent avec les certificats d'économie d'énergie.
PEC,"Mettre sous contrôle le réseau de transport de l'électricité qui n'est pas transparent sur ses coûts qui explosent, alors que RTE est une entreprise publique."
PEC,Augmenter la quantité d'énergie vendue par EDF à la concurrence.
PEC,Électrifier les usages pour réduire les importations d'hydrocarbures.
HID,Sortie rapide du nucléaire.
MLP,Construction de 6 EPR et réouverture de Fessenheim.
MLP,Relance du programme Astrid.
JLM,"Sortir du nucléaire : abandonner les projets d'EPR et d'enfouissement des déchets nucléaires, planifier le démantèlement de la centrale de Fessenheim."
JLM,"Mettre en place une convention collective unique pour les travailleurs du nucléaire et arrêter l'utilisation massive de la sous-traitance, tout en garantissant leur reconversion au fur et à mesure des fermetures de centrales."
PEC,"Réinvestir dans le nucléaire, rénover nos installations, relever le défi industriel des EPR, envisager la piste des petits réacteurs modulaires."
PEC,Relancer le projet du réacteur Astrid.
PEC,Pousser les investissements de sûreté nucléaire ainsi qu'une politique de contrôle et de transparence irréprochable.
PEC,Relancer les projets technologiques qui permettront de limiter les déchets nucléaires et de les stocker.
PEC,"Proposer une décision au Parlement sur le centre d'enfouissement des déchets, attendue depuis tant d'années, après tant de débats publics."
PEC,Se servir du nucléaire pour créer de l'hydrogène vert.
ROU,Pour un mix énergétique avec du nucléaire et du renouvelable. La priorité est de se passer des énergies fossiles.
ZEM,Pour le développement du nucléaire.
DUP,Zéro éolienne implantée en cinq ans.
MLP,S'appuyer sur l'hydrogène.
MLP,Arrêter les subventions aux énergies intermittentes telles que l'éolien et le photovoltaïque pour réaliser des économies de 6 à 7 milliards d'euros.
JLM,"Mettre fin aux situations de précarité énergétique : privilégier les rénovations complètes, interdire la location des passoires thermiques, renforcer les programmes de détection des passoires énergétiques."
JLM,Planifier le 100% énergies renouvelables avec un double axe sobriété/efficacité énergétique pour 2050.
JLM,"Sortir des énergies carbonées : arrêter les subventions aux énergies fossiles, y compris à l'étranger."
JLM,Développer les énergies marines renouvelables (EMR) dans le cadre du plan de transition énergétique et d'une maîtrise publique des installations et réseaux : refuser l'abandon de la filière d'énergie marine et assurer son développement industriel par la nationalisation de la branche Energies Marines d'Alstom cédée à General Electric et de la branche éolienne d'Areva cédée à Siemens.
JLM,Adopter des lois-cadres instaurant une planification écologique et démocratique coordonnant les niveaux national et local.
JLM,Créer un Conseil à la planification écologique.
JLM,Relever les ambitions climatiques de la France avec pour objectif une baisse de 65% des émissions en 2030 et rendre public un bilan annuel.
JLM,Obliger les entreprises à mettre en oeuvre une comptabilité carbone pour les émissions directes et indirectes certifiée par un organisme public agréé.
PEC,"Passer aux biocarburants de 2e génération pour les avions du futur, développer le biométhane."
PEC,Soutenir les chaufferies de biomasses dans les zones rurales et le chauffage urbain issu de la géothermie.
PEC,Lancer un grand plan d'utilisation de l'hydrogène propre qui doit faire partie des priorités de l'avenir.
PEC,"Développer en parallèle du nucléaire le petit hydraulique, le photovoltaïque et l'éolien. Pour l'éolien, il faut associer les habitants et édicter des zones de protection de nos espaces naturels remarquables et de nos zones de pêche."
PEC,"Diversifier nos sources d'énergie, en poursuivant les investissements sur le stockage (barrages, batterie...) et la recherche/l'expérimentation sur l'hydrogène. Cependant les énergies renouvelables doivent respecter les paysages, l'adhésion des populations riveraines et faire en sortes que ces énergies ne soient pas inflationnistes, il y a trop peu de transparence et la rémunération des opérateurs doit être mieux contrôlée."
ZEM,Stopper l'installations d'éoliennes.
DUP,"Remettre à niveau notre outil de défense en recrutant 40 000 soldats sur la durée du quinquennat, en rattrapant le retard d'équipement, et en revalorisant la solde de nos militaires qui risquent leur vie sur les théâtres d'opérations."
JLM,Refuser le choc des civilisations et la participation de la France à toute alliance militaire permanente hors du cadre de l'ONU.
JLM,Stopper les privatisations des industries d'armement et des missions de défense nationale et engager leur reconquête publique.
JLM,Établir la règle de l'acquisition de matériel militaire français par l'armée.
JLM,Refuser toute intervention militaire sans mandat de l'ONU.
DUP,Délai de carence de 5 ans pour les étrangers pour recevoir des aides sociales.
DUP,Rétablissement du contrôle aux frontières par la fin des accords de Schengen et réforme du droit d'asile.
DUP,Suppression du droit du sol.
HID,Donner toutes ses chances à une bonne intégration des personnes à qui la France reconnaît le droit de vivre sur son territoire.
JAD,La politique de l'asile et des migrations sera transférée à un ministère des solidarités et de l'intégration.
MLP,Présentation d'un projet de loi sur l'immigration dès octobre et qui sera soumis à référendum.
MLP,Expulser les parents de mineurs étrangers ayant commis des actes d'une particulière gravité.
MLP,Systématiser l'interdiction du territoire pour les étrangers condamnés pour cambriolages.
MLP,Etendre les catégories d'infractions pouvant entrainer une expulsion du territoire.
MLP,"Suppression de tout mécanisme d'acquisition automatique de la nationalité française, qui serait accessible seulement par filiation ou par mérite."
MLP,Le mariage ne permettrait plus d'être naturalisé.
JLM,"Assumer notre devoir d'humanité envers les réfugiés et facilité l'accès aux visas, régulariser les travailleurs, étudiants, parents d'enfants scolarisés et instituer la carte de séjour de 10 ans comme titre de séjour de référence."
JLM,"Créer un statut de ""détresse environnementale"" apportant une protection temporaire pouvant devenir durable en fonction de la gravité de la catastrophe ayant entraîné la migration."
JLM,Suspendre le règlement Dublin et renégocier les accords du Touquet.
JLM,Prendre en charge les personnes migrantes grâce à des structures d'acceuil et d'hébergement en nombre suffisant sur tout le territoire : créer un guichet unique d'acceuil.
JLM,Garantir pleinement le droit d'asile notamment en prenant le temps d'étudier chaque dossier.
JLM,"Abroger la loi ""Asile et immigration""."
PEC,Loi constitutionnelle pour instaurer une immigration choisie avec des quotas par métiers et par pays.
PEC,"Pousser les États qui aujourd'hui refusent de délivrer des laissez-passer consulaires pour le retour de leurs ressortissants clandestins vivant en France à le faire en dénonçant, après un délai de 6 mois, les accords bilatéraux en matière d'immigration qui lient la France à ces pays et en suspendant la délivrance de visas d'entrée."
PEC,"Reprendre immédiatement l'affrètement des avions charters d'éloignement avec le soutien de l'agence européenne Frontex qui assure à la fois le financement et l'escorte. Sur le seul premier semestre 2021, l'Allemagne y a eu 4 fois plus recours que la France."
PEC,"Revoir les procédures d'asile en obligeant à ce que les demandes d'asile soient déposées dans les ambassades françaises ou à la frontière tout en généralisant la procédure d'asile accélérée : si le demandeur d'asile est débouté après deux mois, il repart et ne rentre pas dans le pays."
PEC,Présumer majeur tout « mineur non accompagné » qui refuse un test osseux.
PEC,Renforcer et contrôler les conditions du regroupement familial. Augmentation des conditions de revenu et pas de prestations sociales avant 5 ans.
PEC,"Supprimer les aides sociales aux clandestins (demi-tarif dans les transports par exemple), et recentrer l'aide médicale d'État sur la médecine urgente."
PEC,"Réviser la directive « retour » en profitant en 2022 de la présidence française de l'Union européenne, pour obliger les immigrés entrés irrégulièrement sur le territoire européen à être reconduits à la frontière alors qu'ils disposent actuellement de plusieurs semaines pour quitter librement l'espace Schengen."
PEC,Placer tous les demandeurs d'asile dans des centres dédiés pendant l'instruction accélérée de leur demande afin qu'ils puissent être facilement éloignés s'ils sont déboutés.
PEC,"Interdire à un étranger de multiplier les demandes successives de titre de séjour pour des motifs différents, ce qui lui permet de rester beaucoup plus longtemps sur notre territoire."
PEC,Expulser du territoire tout clandestin représentant une menace grave à moins qu'il ne soit poursuivi en justice.
PEC,Lier l'obtention de la carte de séjour à la maîtrise du français : 600 h de cours avec examen obligatoire.
PEC,"Mettre fin au séparatisme urbain, avec une stratégie de peuplement pour éradiquer en dix ans les ghettos, avec pas plus de 30% de logements sociaux par quartier."
PEC,"Il faut fixer un plafond de non francophones par classe, pour garantir la qualité́ des apprentissages."
PEC,"Supprimer l'automatisation du droit du sol, un choix qui doit se faire à 18 ans, sous condition d'assimilation et de casier judiciaire vide."
ZEM,"Sur l'immigration, toutes les mesures de mon programme seront proposées dans un référendum afin que les Français décident s'ils sont pour ou contre ces mesures."
ZEM,Suppression du droit du sol et fin du regroupement familiale.
ZEM,Demande de droit d'asile uniquement possible dans des consulats à l'étranger.
ZEM,Suppression de la double nationalité pour les non Européens.
ZEM,"Expulsion de tous les délinquants étrangers, et déchéance de nationalité lors d'un délit sérieux, ainsi que des 25% d'étrangers purgeant leur peine dans les prisons françaises en forçant leurs pays d'origine à les ré-accueillir sur leurs territoires, et les menaçant en cas de refus de ""supprimer les aides au développement"" et de ne plus accorder de visas à leurs ressortissants."
ZEM,Arrêt temporaire de l'espace Schengen et retour aux frontières nationales.
DUP,"Peines planchers pour les agresseurs de policiers, pompiers, gendarmes et pour les récidivistes."
DUP,Expulsion des délinquants étrangers à l'issue de leur peine.
DUP,"Tolérance zéro pour les violences faites aux femmes avec une réponse pénale immédiate sur le modèle espagnol : tribunaux spécialisés avec 72h pour instruire le dossier des auteurs présumés, 15 jours pour organiser un procès, l'Etat pouvant se substituer à la victime."
DUP,Ouverture de 40 000 places de prison.
HID,Création « juridiction internationale » sur les questions environnementales pour « gérer les contentieux majeurs ».
MLP,"Recruter 1000 magistrats supplémentaires, 1000 greffiers et assistants juridiques."
MLP,Créer 20 000 places de prisons sur 6 ans et recruter 7 000 agents pénitentiaires sur 6 ans. Geler toute fermeture de tribunal.
MLP,Étendre la durée maximum de placement en centres éducatifs fermés.
MLP,Durcir les sanctions encourues pour outrages. Développer les interdictions administratives et judicaires de fréquentation d'un territoire. Condamner les auteurs de violences en bande comme coauteurs.
MLP,"Rétablir la réalité de la perpétuité (avec un mécanisme d'examen de la peine au bout de 25 ans). Rétablir les peines planchers. Réformer le sursis: en cas de nouvelle condamnation, les peines de sursis s'appliqueront automatiquement. Supprimer les régimes d'aménagement des peines pour les peines supérieures à 6 mois d'emprisonnement ferme en matière d'atteintes aux personnes. Revoir le régime de réduction des peines en supprimant l'automaticité en l'individualisant et en interdisant toute libération anticipée avant que les 2/3 de la peine soient purgées. Supprimer la contrainte pénale."
MLP,Créer un uniforme carcéral pour les détenus définitivement condamnés.
MLP,Etendre le champ de l'ordonnance pénale à tout délit sanctionné d'une peine égale ou inférieure à 3 ans de prison.
MLP,"Voter tous les 5 ans une loi de programmation pour la justice et lancer un plan de modernisation et de rénovation des bâtiments judiciaires, des commissariats, des casernes et lieux d'hébergement de la gendarmerie."
MLP,Inscrire au fichier des criminels et délinquants sexuels les personnes condamnées pour outrages sexistes.
JLM,"Planifier des moyens pour la justice et recruter davantage de fonctionnaires : magistrats, greffiers, agents de la protection judiciaire de la jeunesse."
JLM,Rénover et construire de nouveaux locaux.
JLM,Recruter 2000 agents pénitentiaires pour escorter les détenus.
JLM,Rénover les prisons et mettre fin au tout-carcéral par des peines alternatives. En finir avec la surpopulation carcérale et assurer aux personnes détenues les moyens de se réinsérer.
JLM,"Créer une juridiction suprême commune à la Cour de Cassation et au Conseil d'État, et supprimer la fonction juridictionnelle du Conseil d'État."
JLM,Garantir le contrôle par le juge judiciaire des opérations de lutte contre le terrorisme.
JLM,"Instaurer une peine de déchéance des droits civiques en cas de fraude fiscale ou d'activités illicites permettant le financement du terrorisme, punir les financements de trafics alimentant le terrorisme, réquisitionner les entreprises qui collaborent avec les agresseurs."
JLM,"Mettre fin à la disparition progressive des jurés populaires, supprimer les cours criminelles sans jurés et expérimenter les jurés dans les tribunaux correctionnels."
JLM,"Renforcer les droits de la défense, inscrire le droit à une défense dans la Constitution et garantir la gratuité des procédures les plus courantes (le divorce, par ex)"
JLM,"Renforcer l'indépendance de la justice vis-à-vis de l'exécutif : interdire les instruction individuelles sauf lorsqu'elles appelllent à une intervention directe de l'éxécutif en matière d'ordre public (terrorisme, par ex)."
JLM,Poursuivre et punir tous les complices de violation du secret de l'instruction.
JLM,"Doubler les effectifs des services qui luttent contre les infractions financières, supprimer réellement le verrou de Bercy et supprimer la convention judiciaire d'intérêt public."
PEC,Doubler le nombre de centres éducatifs fermés pour les mineurs et ouvrir à terme 20 000 places de prison.
PEC,"Déjudiciariser des contentieux de masse qui saturent les audiences pour recentrer la justice sur les dossiers prioritaires. Et simplifier la procédure pénale, notamment pour réduire massivement les délais de jugement."
PEC,"Donner plus de moyens à la justice, notamment en recrutant des magistrats, des greffiers et des personnels administratifs et en créant un corps de juristes assistants auprès des magistrats."
PEC,Permettre des jugements rendus en moins de 6 mois  ndash; appels compris  ndash; pour toutes les violences et les délits du quotidien afin de mettre un terme au sentiment d'impunité légitimement répandu.
PEC,Systématiser les comparutions immédiates ou à délai rapproché pour les flagrants délits et accélérer les délais de jugement dans le cadre de grands projets d'infrastructures afin de ne pas faire dépendre la réalisation de ces projets d'intérêt public de l'issue de longue procédures juridictionnelles.
PEC,"Créer dans les 6 mois suivant l'élection des centres correctionnels fermés, avec incarcération de détenus sous bracelet électronique pour assurer l'exécution des courtes peines."
PEC,"Assurer l'exécution des peines dans les 3 mois, que ce soient les travaux d'intérêt général ou les peines de prison."
PEC,"Généraliser les retenues sur salaires et prestations sociales pour lutter contre les amendes impayées, il faut généraliser les. Les délinquants doivent être frappés au portefeuille comme cela a été expérimenté en Ile-de-France."
DUP,Ouverture d'un bagne aux îles Kerguelen réservé aux condamnés pour faits de terrorisme.
DUP,Déchéance de nationalité pour les binationaux condamnés pour terrorisme.
HID,"Répondre aux besoins de sécurité du quotidien (petite délinquance, incivilités, harcèlement de rue) tout en luttant plus efficacement contre la criminalité organisée (trafics de drogue, proxénétisme, cybercriminalité)."
HID,Créer des unités de police et magistrats dédiées aux violences faites aux femmes.
JAD,"Lancement d'une conférence de respect et de confiance entre la police et les citoyen-ne-s pour poser les éléments d'une loi de programmation pour doter les forces de l'ordre des moyens nécessaires à leur action, adapter l'organisation administrative et rétablir des doctrines de maintien de l'ordre conformes aux traditions républicaines."
JAD,L'inspection générale de la police nationale (IGPN) sera placée sous la compétence du-de la défenseur-e des droits.
MLP,Voter tous les 5 ans une loi de programmation pour la sécurité.
MLP,Flécher une partie des investissements d'avenir (5 %) vers le secteur de la sécurité. lt;/p gt; lt;p gt;Créer des antennes de l'Office central antistupéfiants dans les pays producteurs.
MLP,"Lancer des investissements matériels (véhicules, hélicoptères, etc.). Doter la police de véhicules à haute protection."
MLP,"Créer 7 000 postes de policiers et de gendarmes et créer des unités d'intervention à résidence pour la gendarmerie outre-mer. Renforcer en effectifs (+1 000 agents) l'Office central antistupéfiants. Doubler le nombre de brigades cynophiles (PAF, PJ et douanes). Recruter 3 000 agents administratifs pour les contrôles fixes transfrontières (sous l'autorité de la PAF) afin de redéployer autant d'agents de la PAF vers leur cœur de métier."
MLP,Créer une école de formation des policiers municipaux.
MLP,Rendre obligatoire la mise en place d'une police municipale dans les villes de plus de 10000 habitants.
MLP,Obligation d'armer la police municipale dans les villes de plus de 10 000 habitants.
JLM,"Renforcer les moyens humains du renseignement en revenant sur la fusion de la direction de la surveillance du territoire (DST) et des renseignements généraux (RG), et privilégier l'infiltration au mirage du tout-technologique."
JLM,Lutter contre l'embrigadement et soutenir les programmes de prise en charge des personnes suspectées.
JLM,Démanteler les BAC (Brigades Anti-criminalité) et réhabiliter la police de proximité.
JLM,"Augmenter les effectifs en charge de la délinquance financière, du trafic d'êtres humains et du démantèlement des réseaux mafieux et doubler les effectifs de la police technique et scientifique."
JLM,Intégrer au service public certaines fonctions de sécurité aujourd'hui privées.
JLM,"Interdire dans la loi tout usage des technologies de reconnaissance faciale dans les espaces et établissements publics, ainsi que leur expérimentation."
JLM,Procéder à l'évaluation des résultats des lois déjà adoptées et revenir sur les dispositions liberticides qui ont instauré un état d'urgence permanent.
JLM,"Interdire les tasers, les grenades de désencerclement, les flash-balls et les LBD 40 pour favoriser la désescalade des affrontements. Interdire les techniques d'immobilisations létales ou la technique de la ""nasse""."
JLM,Refonder l'IGPN (Inspection générale de la Police nationale) pour la rendre impartiale dans le traitement des litiges.
JLM,Titulariser et former les adjoints de sécurité qui le souhaitent et porter à deux ans la formation des élèves gardiens de la paix. Réouvrir des écoles nationales pour les activités de polices.
JLM,En finir avec la politique du chiffre et les primes aux résultats.
JLM,Construire de nouveaux centres d'activités de police de proximité.
JLM,Intégrer les effectifs de police municipale à la nouvelle police de proximité et la placer sous l'autorité fonctionnelle du maire et l'autorité hiérarchique du préfet.
JLM,Rétablir le code de déontologie de la police de 1936.
JLM,"Créer une commission ""Vérité et Justice"" sur les violences policières."
JLM,"Supprimer l'Inspection générale de la Police nationale et de la Gendarmerie nationale pour les remplacer par une autorité indépendance incluant des magistrats, des universitaires, des citoyens, rattachée au Défenseur des droits."
PEC,Augmenter le budget de la sécurité à 2% du PIB.
PEC,Faire de la radicalisation un motif de licenciement.
PEC,"Instaurer des brigades coup de poing dans les quartiers sensibles qui sont des zones de non-droit avec plus d'effectifs de police, de cyber police, de gendarmes, de militaires, de brigade fiscale, etc."
DUP,"Mise en place d'un service civique national de 3 mois obligatoire, avec passage du permis de conduire."
JLM,"Mettre en place une conscription citoyenne de 9 mois pour les moins de 25 ans, rémunérée au SMIC et qui comprend une formation militaire initiale (avec droit d'objection de conscience) et des tâches d'utilité publique (secours aux personnes, sécurité civile, réparation de l'environnement, etc). Y intégrer un bilan de santé, une évaluation des capacités d'écriture, lecture et calcul avec mise à niveau si nécessaire, une formation gratuite à la conduite et le passage de l'examen du permis de conduire."
JLM,"Créer une garde nationale sous commandement civil, composé de la réserve de sécurité nationale, de la réserve de sécurité civile, de la réserve citoyenne et des jeunes en service citoyen obligatoire ayant souhaité intégrer l'une des réserves."
HID,"Donner davantage de poids à l'Assemblée nationale et au Sénat dans le pouvoir de nomination, promeut ""une réforme des institutions"" et souhaite ""transférer plus de pouvoirs""."
JLM,Elire l'Assemblée national au scrutin proportionnel départemental.
JLM,"Convoquer un référendum (article 11) pour engager le processus constituant (modalités de composition de l'Assemblée constituante  ndash; modes de scrutin, parité, tirage au sort et incompatibilités ; modalités de la délibération ; comités constituants et participation citoyenne)."
JLM,Aucun parlementaire des anciennes assemblées ne pourra siéger dans cette Assemblée constituante ; les délégués à l'Assemblée constituante ne pourront être candidats aux élections suivant l'entrée en vigueur de la Constitution.
JLM,"Combattre l'influence des lobbys dans le débat parlementaire, interdire l'entrée du Parlement aux lobbyistes et les cadeaux aux parlementaires."
JLM,Rendre inéligible à vie toute personne condamnée pour corruption.
JLM,"Remplacement du Sénat et du Conseil économique, social et environnemental par une Assemblée du long-terme, compétente sur l'aspect écologique et social des lois."
JLM,"Abolir les procédures de ""votes forcés"" du Parlement comme l'article 49.3."
JLM,Cesser de sous-traiter et de surfacturer la mise en oeuvre et l'évaluation des politiques publiques à des cabinets de conseils privés.
JLM,"Présenter systématiquement au bureau de l'Assemblée nationale, les propositions émises par les citoyens dans le cadre de conventions citoyennes ou d'assemblées créées à cet effet."
PEC,"Mettre en place un « comité de la hache » et diviser par trois les codes juridiques. Aussi, supprimer 500 des 1 500 structures para-étatiques."
PEC,"Limiter le pouvoir d'amendement des parlementaires aux grands principes pour éviter que la loi et l'ensemble des normes ne rentrent dans des détails qui deviennent, la plupart du temps, des contraintes."
PEC,Arrêter le vote de lois qui surtransposent les directives ou qui s'avèrent plus contraignantes que la moyenne européenne.
HID,Inscrire l'écologie dans la constitution : L'écologie représente tout autant une question sociale qu'une question industrielle et scientifique. Elle est au cœur de la lutte contre les inégalités.
MLP,"Graver dans la Constitution, après référendum, la supériorité du droit français sur le droit international."
MLP,Appliquer la préférence nationale.
MLP,Pour un mode de scrutin à la proportionnelle et un référendum d'initiative populaire.
MON,"Un référendum établissant plusieurs transformations d'envergure de la République, proposera aux Français dès le mois de juin 2022, d'augmenter la responsabilité de leurs dirigeants politiques et d'autoriser l'intervention des citoyens dans les décisions politiques : retour au septennat, non-renouvelable, limitation de l'article 49-3, qui autorise tous les coups de force contre le Parlement, instauration du référendum d'initiative populaire. toutes les réglementations européennes pourront être amendées et modifiées par le Parlement français exprimant en dernier ressort la souveraineté nationale, le gouvernement français ne pourra négocier aucun accord européen sans mandat préalable du Parlement."
JLM,"Constitutionnaliser la règle verte, selon laquelle on ne prélève pas davantage à la nature que ce qu'elle est en état de reconstituer."
JLM,"Convoquer une Constituante pour passer à la 6e République, aucun parlementaires des anciennes assemblées ne pourra siéger dans cette Assemblée constituante et le projet de constitution proposé par l'Assemblée constituante sera soumis à référendum."
JLM,Obligation de recourir au référendum en cas de modification de la Constitution ou d'adoption d'un nouveau traité européen.
JLM,Constitutionnaliser la non-marchandisation du corps humain et le droit fondamental de disposer de soi en toutes circonstances.
JLM,"Ajouter dans la Constitution la liberté de conscience, le droit à la contraception et à l'interruption volontaire de grossesse, le droit de mourir dans la dignité (y compris avec assistance) et l'accès garanti à des soins palliatifs."
JLM,"Instaurer le Référendum d'initiative citoyenne par lequel les citoyens qui réunissent suffisamment de signatures peuvent révoquer des élus, proposer ou abroger une loi et modifier la Constitution."
PEC,Loi constitutionnelle pour instaurer une immigration choisie avec des quotas par métiers et par pays.
DUP,Instauration du référendum d'initiative populaire ou citoyenne (RIC) à partir de 500.000 signatures.
DUP,Reconnaissance du vote blanc.
DUP,Casier judiciaire vierge pour tout élu.
DUP,Retour au septennat avec possibilité d'un référendum révocatoire du Président de la République à mi-mandat.
HID,Ouvrir le droit de vote à 16 ans.
MON,"Référendum établissant plusieurs transformations d'envergure de notre République, proposera aux Français dès le moins de juin 2022, d'augmenter la responsabilité de leurs dirigeants politiques et d'autoriser l'intervention des citoyens dans les décisions politiques : retour au septennat, non-renouvelable, limitation de l'article 49-3, instauration du référendum d'initiative populaire, etc."
JLM,"Droit de vote à 16 ans, vote obligatoire et reconnaissance du vote blanc. Et droit de vote des résidents étrangers en situation régulière aux élections locales comme en bénéficient déjà les ressortissants des pays de l'Union européenne."
JLM,Réformer le financement de la vie politique et abaisser à 200 euros le plafond des dons individuels aux partis politiques.
JLM,Instaurer une procédure de parrainages citoyens pour l'élection présidentielle en alternative aux 500 parrainages d'élus.
JLM,Interdire la sous-traitance des opérations de propagande électorale à des entreprises privées.
JAD,"Garantir la protection républicaine et libertés publiques en créant un ministère de la protection républicaine, en lieu et place du ministère de l'Intérieur."
JAD,"Autres évolutions institutionnelles à débattre (comme le droit de vote à 16 ans ou le mandat présidentiel de 7 ans non renouvelable) et le mode de scrutin pour l'élection de l'assemblée nationale sera proportionnel, dans un cadre départemental avec un seuil de représentation à 5% et la parité."
MLP,Réinstaurer le septennat renouvelable.
JLM,"Gouvernement responsable devant le Parlement, qui le nomme."
JLM,Créer un ministère de la Mer et une direction générale de la mer pour une politique maritime intégrée.
PEC,"Créer un Haut Conseil de la souveraineté économique et numérique auprès du Premier ministre, qui autorise les investissements étrangers en France et le rachat de nos startup, et vérifie le respect de l'engagement des investisseurs."
PEC,"Rassembler, dans un même ministère, recherche et industrie pour se mettre en capacité de mener des projets stratégiques d'innovation allant de la recherche fondamentale à la recherche appliquée en rassemblant la recherche publique et privée."
ZEM,Création d'un grand ministère de l'industrie qui veillera à orienter la commande publique vers les entreprises françaises et à l'augmentation des taxes sur les produits importés (hors UE).
PEC,"Objectif : suppression de 150 000 postes dans l'administration. Supprimer en cinq ans 10 % de l'« administration administrante », c'est-à-dire des fonctionnaires qui gèrent des normes et des procédures en recentrant l'Etat sur ses fonctions essentielles : éduquer, soigner."
JAD,"Une Ecole nationale des Services publics sera créée par fusion des écoles de formation de la fonction publique nationale, territoriale et hospitalière (Ecole nationale d'Administration, Institut national des Etudes Territoriales, Ecole des Hautes Etudes en Santé Publique...). L'enseignement portera sur la transformation profonde des modes d'organisation des administrations centrale et locales et du management public pour permettre l'autonomie, la prise d'initiative, l'innovation, la réponse intelligente aux besoins des usager-ère-s, le travail en concertation avec les collectivités locales, le monde associatif, les partenaires sociaux."
JAD,"L'accès aux grands corps de contrôle (Conseil d'Etat, Cour des comptes, Inspection des finances) sera réservé par voie de concours à des fonctionnaires de terrain ou des acteurs-trices de la société civile ayant exercé au moins dix ans."
MON,"Débureaucratisation de l'Etat : remplacer les énarques par les ingénieurs, eux qui font tourner les entreprises, eux qui connaissent la réalité de la société."
MON,Le retour des Écoles Normales « qui recrutaient les meilleurs élèves pour devenir des élèves fonctionnaires.
JLM,Supprimer le concours externe de l'ENA pour toute personne n'ayant jamais travaillé.
JLM,Abolir la réforme macron du corps préfectoral et diplomatique.
DUP,Indexation des salaires des fonctionnaires sur l'inflation.
HID,"Doubler le salaire des enseignants, revalorisation des salaires des gendarmes et policiers."
JLM,Engager une revalorisation du traitement des fonctionnaires.
ROU,Dégel et rattrapage du point d'indice des fonctionnaires.
JLM,Interdire le pantouflage et durcir les règles contre les conflits d'intérêts : tout haut fonctionnaire souhaitant travailler dans le privé devra démissionner de la fonction publique et rembourser le prix de sa formation s'il n'a pas servi au moins dix ans.
JLM,Allonger à 10 ans les périodes d'interdiction d'exercice d'une fonction privée après avoir exercé une activité publique dans le même secteur.
JLM,Titulariser les précaires des trois fonctions publiques.
JLM,Garantir des recrutements qui reflètent la diversité sociologique de la société dans les concours de la fonction publique.
HID,Mise en place d'un ISF climatique.
HID,"Baisser les taxes sur les carburants (TVA à 5,5%)."
MLP,"Baisse de la TVA à 5,5% sur le carburant."
MLP,Baisse de la TVA sur le gaz et l'électricité.
MON,Infliger des taxes carbone et droits de douanes pour les importations lointaines.
JLM,"Instaurer des droits de douane sur des critères écologiques (émissions carbones, pollutions, etc)."
PEC,Créer une taxe carbone aux frontières de l'Union pour se protéger contre le dumping social et environnemental.
PEC,"Développer les incitations financières plutôt que les taxes pour décarboner la consommation des ménages, des incitations financières plutôt que des taxes (remplacement des véhicules ou des chaudières polluants)."
ZEM,Baisse des taxes sur les carburants.
DUP,Zéro droits de succession sur la résidence principale.
DUP,Accorder une part fiscale complète aux familles ayant un enfant en situation de handicap (dès la première personne à charge).
HID,Faire payer à chacun l'impôt en fonction de ses moyens en mettant fin au chantage à l'évasion fiscal.
MLP,"Baisse des fiscalités de transmission, de manière exponentielle en fonction du nombre d'enfants."
MLP,Suppression de la redevance télé.
MLP,Application de la pleine part fiscale pour le 2ème enfant (+550euros/an).
MLP,Demi-part fiscale pour les veufs et veuves.
MLP,Prêts à taux 0 pour les jeunes couples.
JLM,Rendre l'impôt sur le revenu plus progressif avec un barème à 14 tranches contre 5 aujourd'hui et refonder l'imposition sur les revenus grâce à un impôt citoyen garantissant les recettes de l'État et celles de la Sécurité sociale et en conservant leur affectation distincte.
JLM,Supprimer la flat tax et imposer les revenus du capital comme ceux du travail.
JLM,Instaurer un revenu maximum autorisé : 20 fois le revenu médian soit 430 000 euros de revenus annuels.
JLM,"Évaluer chacune des niches fiscales et supprimer les niches injustes, inefficaces socialement ou nuisibles écologiquement."
JLM,Rétablir et renforcer l'impôt de solidarité sur la fortune (ISF).
JLM,"Augmenter les droits de succession sur les gros patrimoines et créer un héritage maximum pour les fortunes les plus importantes (égale au patrimoine des 0,01 % les plus riches, soit 33 millions d'euros en 2012)."
JLM,Réduire la TVA sur les produits de première nécessité et réinstaurer une « TVA grand luxe » pour le financer.
JLM,Rendre la CSG progressive avec 14 tranches.
JLM,"Evaluer et supprimer les niches fiscales injustes et inefficaces socialement. Pour les niches restantes, transformer les ""réductions d'impôt"" en ""crédits d'impôt""."
JLM,Refonder la taxe foncière pour la rendre progressive.
JLM,Mettre fin au quotient conjugal.
PEC,"Concernant l'IFI (Impôt sur la fortune immobilière), évaluer une exonération à 50% de la résidence principale à la suite de l'explosion des prix de l'immobilier."
PEC,"Mettre en place un « choc de transmission de patrimoine » en créant un régime de donations défiscalisées jusqu'à 100.000 euros de la part des grands-parents, parents, oncles, tantes, frères et sœurs, tous les six ans."
PEC,Doubler le crédit d'impôt pour développer les emplois de service à la personne et couvrir ainsi 50 % du coût total d'un emploi à plein temps.
PEC,Faire que la taxe sur les salaires ne s'applique qu'au-delà de deux emplois.
PEC,"Déconjugaliser l'allocation aux adultes handicapés pour ne pas pénaliser les personnes en situation de handicap qui veulent vivre en couple, et risquent de perdre leur allocation adulte handicapé."
PEC,Défiscaliser les pensions alimentaires des mères.
ROU,Rétablir l'ISF et le tripler = 6 milliards d'euros.
ZEM,"Une baisse de charges ciblées pour les 50% de Français les plus modestes, en dessous du salaire médian."
ZEM,Baisse de la CSG pour les salariés jusqu'à 2 000 euros.
ZEM,Suppression de la redevance télé.
DUP,Mise en place d'un crédit impôt-production : impôt sur les bénéfices divisé par deux pour les bénéfices réinvestis sur le sol français.
DUP,Suppression des charges sociales sur les emplois agricoles et sur l'embauche d'un chômeur de longue durée pendant 5 pour les TPE/PME.
DUP,Relance de la participation en entreprise : baisse de 1% d'impôt sur les sociétés pour 2% de participation salariée.
MLP,Exonération «totale» d'impôt sur cinq ans pour les jeunes entrepreneurs.
MON,Défiscalisation du télétravail pour inciter les entreprises à embaucher sur une nouvelle forme d'organisation du travail.
JLM,"Refonder l'impôt sur les sociétés pour établir l'égalité devant l'impôt entre PME et grands groupes, instaurer un barème progressif et favoriser l'investissement plutôt que la distribution de dividendes."
JLM,Revenir sur les cadeaux fiscaux accordés sans contrepartie aux plus grandes entreprises ces dix dernières années.
JLM,Mise en place d'un impôt universel. Instaurer une taxe réelle sur les transactions financières.
JLM,Rétablir l'exit tax.
JLM,Taxer les entreprises ayant profité de la crise sanitaire.
PEC,Poursuivre la baisse des impôts de production financée à hauteur des économies sur les dépenses réalisées pour que ces baisses soient réellement pérennes.
ROU,Doubler l'impôt sur les bénéfices des multinationales = 15 milliards d'euros.
ZEM,Baisse des impôts de production dans des proportions beaucoup plus importantes que ce qu'a fait le gouvernement d'Emmanuel Macron.
ZEM,Baisse de l'IS et réduction des charges sociales.
ZEM,Réduction de l'impôt sur les sociétés à 15 % pour les TPE/PME.
ZEM,Suppression des droits de transmission des entreprises familiales.