MLP,Prêt aux jeunes parents qu’ils n’auraient plus besoin de rembourser après la naissance de leur troisième enfant.
MLP,Réserver les aides sociales aux Français.
MLP,Moduler la prime d’activité pour l’augmenter dans les secteurs d’activité souffrant le plus d’une pénurie de main-d’œuvre.
JLM,Créer une « garantie dignité » : revaloriser les minima sociaux (aucun niveau de vie en-dessous du seuil de pauvreté).
JLM,"Loi d’urgence sociale comprenant notamment le blocage des prix des produits de première nécessité (gaz, électricité, alimentation)."
JLM,Restructurer les emprunts des ménages surendettés et garantir à tous l’accès effectif aux services bancaires de base.
JLM,Lutter contre le non-recours aux droits sociaux et civiques par la simplification des démarches.
JLM,Verser une allocation familiale dès le premier enfant.
ZEM,"Réserver le modèle social aux Français et aux étrangers qui payent l’impôt pour éviter toute forme d’""assistanat"" ainsi que le retour à la souveraineté économique de la France."
ZEM,Fin des allocations familiales pour les étrangers.
MLP,"Lutte contre la fraude sociale pour financer des mesures de baisse de fiscalité des ménages, estimée à 15 milliards d’euros."
ZEM,Lutte contre la fraude sociale avec comme objectif de récupérer 50 milliards d'euros.
HID,Revoir de fond en comble le financement de la protection sociale.
HID,"Développer de nouvelles protections pour les nouvelles formes d’activité (télétravail, plateformes numériques, multi-activité)."
MLP,"Financer par le budget de la Sécurité sociale, des systèmes de protection pour les pharmacies et les cabinets médicaux et paramédicaux."
JLM,Organiser l’élection des administrateurs de la Sécurité sociale par les assurés eux-mêmes.
JLM,"Établir la filiation par reconnaissance comme principe par défaut, rembourser la procréation médicalement assistée (PMA) pour toutes les femmes et refuser la gestation pour autrui (GPA), faire prévaloir l’intérêt supérieur de l’enfant en toute circonstance."
PEC,Restaurer l’universalité des allocations familiales et du complément mode de garde pour les familles.
PEC,Accroître la part de la protection sociale financée par l’impôt pour répondre à l’universalisation de nombreuses prestations sociales et renforcer l’acceptabilité de la Sécurité sociale.
PEC,Doubler les crédits d'impôt pour les familles pour favoriser la conciliation dela vie professionnelle et familliale.
PEC,"Développer les solutions d'accueil de jeunes enfants ; arrêter la ponction des allocations familles et la consacrer à toutes les familles, y compris ayant un ou eux enfants déconjugaliser l'allocation adulte handicapé."
PEC,Congé parental étendu jusqu'aux 18 ans de l'enfant en cas de difficultés scolaires ou problèmes de santé
PEC,Le RSA doit donner lieu à une contrepartie d’activité d’intérêt général.
PEC,Instaurer un délai de cinq ans de résidence régulière en France pour toucher des aides financières sociales.
PEC,Conférer aux aidants familiaux s’occupant d’enfants handicapés ou d’aînés dépendants un véritable statut en termes d’indemnisation et d’aménagements de leur vie professionnelle.
PEC,"Créer une allocation du premier enfant de 900 € par an, versée à tous les parents qui auront un enfant jusqu’à ses 18 ans, et qui s’ajoutera à la prime pour l’accueil du jeune enfant (la Paje). "
JLM,"Défendre et reconstruire le maillage de transports en commun et de services publics : notamment dans les départements ruraux, les quartiers populaires et les Outre-mer."
JLM,"Stopper l’étalement urbain : renoncer aux grands projets inutiles et imposés, rapprocher bassins de vie et bassins d’emploi."
JLM,Mettre en place des assemblées citoyennes régionales pour débattre des projets d'aménagement et d'investissement en lien avec la planification écologique.
JLM,Organiser des états généraux des quartiers populaires et des espaces ruraux pour construire une véritable égalité territoriale notamment dans les services publics.
HID,"Décentralisation aboutie : ""Le temps des communes et de la décentralisation des pouvoirs est venue""."
HID,"Souhaite un ""big bang territorial"" pour relancer la décentralisation avec un rôle accru des maires."
JLM,Affirmer les trois échelons d'organisation décentralisée pour mettre fin à la superposition d'échelons technocratiques.
MLP,Rééquilibrage entre les grandes métropoles et zones rurales.
JLM,Rendre aux communes leur liberté de coopération et le rôle de cellule de base de la démocratie locale
JLM,Donner à la Corse le statut garanti par l'article 74 de la Constition.
JLM,"Rendre effectif le principe du non-cumul des mandats et des indemnités (un seul au même moment, deux mêmes mandats consécutifs maximum)."
JLM,Organiser la sortie du mandat : garantir un droit à la formation professionnelle pour les élus.
JLM,"Redécouper les Régions à partir des bassins versants et leur confier l'eau comme première responsabilité. Supprimer les mégarégions, les régions transfrontalières et les métropoles et revenir sur l'obligation d'appartenance des communes à des intercommunalités en abrogeant la loi NOTRe"
JLM,"Interdire le ""droit à la différenciation"" afin de garantir l'égalité entre les citoyens et réserver le statut de collectivité unique aux territoires insulaires et des Outre-mer."
JLM,Recomposer les assemblées régionales à partir des élections des conseillers départementaux.
JLM,Réquilibrer la dotation globale de fonctionnement versée aux communes pour lutter contre les inégalités territoriales.
JLM,Réaffirmer le rôle du département comme échelle pertinente pour organiser le maillage équilibré du territoire en services publics essentiels à la population.
JLM,Renforcer les dotations de l'Etat pour les territoires et régions en retard de développement économique et social.
HID,Doubler le salaire des enseignants.
HID,Repenser le système éducatif pour mettre au coeur la réussite de tous.
HID,Abroger Parcoursup.
HID,Porter à 60%d'une classe d'âge le nombre de diplômés du supérieur.
JAD,Créer 35 000 postes d’enseignant·e·s et de personnel éducatif sur le quinquennat dont 7 500 dès la première année. 
JAD,124 000 personnes viendront épauler les acteurs·trices éducatifs dans l’ensemble des établissements pour soutenir la transition
JAD,"L’objectif sera d’avoir un système éducatif qui forme à la compréhension du contexte planétaire (enjeux énergie-climat, limites planétaires, causes et impacts sociétaux)"
JAD,Former et recruter 1 000 personnes pour amplifier la formation aux enjeux socio-écologiques du primaire à l'université.
MLP,Responsabiliser les parents de mineurs délinquants par la suppression des allocations familiales et sociales prononcée par le juge.
MLP,Créer un centre éducatif fermé par département.
HID,Droit à mourir dans la dignité.
HID,"Loi sur l'égalité hommes-femmes pour atteindre l'égalité salariale en 5 ans et d'instaurer une ""parité réelle"" dans les instances publiques et les conseils d'administration."
JLM,"Adopter une loi de lutte contre le sexisme : imposer l’égalité entre les femmes et les hommes dans les institutions politiques, administratives, économiques, syndicales et associatives."
JLM,Renforcer les moyens contre les violences faites aux femmes et renforcer le planning familial. Investir 1 milliard d'euros pour lutter contre les violences faites aux femmes.
JLM,"Ouvrir l’adoption plénière à tous les couples, mariés ou non."
ZEM,Bloquer la PMA sans père et/ou sans mère.
JLM,Augmentation des salaires des enseignants pour rattrapper le gel du point d'indice.
JLM,Adopter une plan pluriannuel de recrutement pour l'ensemble des concours et créer des écoles professionnelles de l'enseignement. 
JLM,"Rétablir le diplôme national du baccalauréat, abroger les contre-réformes du lycée, de la voie professionelle et du collège."
JLM,"Abolir les privilèges de l'enseignement privé (abroger la loi Carle, interdire les subventions extralégales des collectivités)."
JLM,Assurer l’égalité devant l’école en instaurant une nouvelle carte scolaire établissant la mixité sociale.
JLM,Arrêter les fermetures de classes et de lycées professionnels.
JLM,Augmenter le nombre d’établissements.
JLM,Éradiquer l’illettrisme pour les jeunes sortis du système scolaire et les adultes à horizon 2025 et développer les structures d’alphabétisation et les cours de langue française pour les personnes non-francophones.
JLM,Créer 500 000 places en crèches et garantir la gratuité des crèches publiques.
JLM,"Assurer la gratuité réelle de l'éducation publique, y compris les cantines, le transports et les activités périscolaires, fournir gratuitement les manuels scolaires ainsi que des fournitures sans marques."
JLM,Mettre en place une véritable politique d'éducation prioritaire sur la base des bilans déjà effectués et réduire les effectifs par classe.
JLM,"Etendre la scolarité obligatoire à 18 ans, en proposant, si nécessaire, une garantie d'autonomie à partir de 16 ans."
ZEM,Pour le retour de l'uniforme à l'école.
ZEM,"Suppression des allocations aux parents qui ne ""sanctionnent pas leur enfant"" pertubateur."
ZEM,"Retour à l'enseignement patriotique, retour du ""par coeur"" et des leçons magistrales comme méthodologie d'apprentissage et fin du contrôle continu pour les lycéens"
ZEM,Facultés plus sélectives et retour du contrôle des universités par l'Etat.
ZEM,Fin des sensibilisations sur la théorie du genre dans les écoles.
JLM,"Interdire aux ministres et préfets d’assister à des cérémonies religieuses, refuser l’attribution du titre de chanoine de Latran au Président de la République."
JLM,Combattre tous les communautarismes et l’usage politique des religions.
JLM,"Refuser les financements publics d’édifices religieux, d’activités cultuelles et d’établissements confessionnels."
JLM,Abroger le concordat d’Alsace-Moselle et les divers statuts spécifiques en vigueur dans les Outre-Mer.
JLM,Garantir la présence d'une école publique laïque dans chaque commune du pays.
JLM,Rétablir et augmenter les moyens et l'autonomie de la mission interministérielle de vigilance et de lutte contre les dérives sectaires.
HID,Rénover massivement les bâtiments et les logements.
HID,"Généraliser l'encadrement des loyers, de manière à s'assurer que les Français ne paient pas plus d'un tiers de leurs revenus pour se loger."
JAD,Nouvelle loi SRU imposant la réalisation de 30 % de logements sociaux
MLP,Réserver une part du parc de logements sociaux aux policiers.
JLM,"Rendre la rénovation des logements ""passoires thermiques"" obligatoires avant toute mise en location."
JLM,"Empêcher le droit de propriété privée de prévaloir sur la protection de l’eau, l’air, l’alimentation, le vivant, la santé, l’énergie, la monnaie."
JLM,Interdire les expulsions locatives sans relogement.
JLM,Construire 200 000 logements publics par an pendant 5 ans aux normes écologiques.
JLM,Mettre en place une garantie universelle des loyers.
JLM,Imposer les hautes transactions immobilières par une taxe progressive.
JLM,"Mettre en place un ""guichet unique"" public pour les propriétaires devant faire des rénovations et réduire l'impact écologique des travaux."
JLM,Rehausser le quota de logements sociaux dans les villes à 30% et aggraver les sanctions contre les communes hors la loi.
JLM,Encadrer les loyers partout sur le territoire et à la baisse dans les grandes villes.
JLM,Imposer les hautes transactions immobilières par une taxe progressive pour financer la lutte contre le logement indigne.
JLM,Réquisitionner les logements vides et les remettre sur le marché. Lutter contre la spéculation sur le logement en limitant les locations de courtes durée.
JLM,Construire 15 000 logements universitaires.
MLP,Retraite à 60 ans avec 40 annuités de cotisation.
JLM,Rétablir la retraite à 60 ans et fixer la durée de cotisation pour une retraite complète à 40 ans.
JLM,Abroger la retraite à point si jamais elle venait à être mise en place.
JLM,Revaloriser les pensions de retraite au niveau du SMIC pour une carrière complète et porter le minimum vieillesse au niveau du seuil de pauvreté.
JLM,Prendre en compte le RSA pour valider des trimestres en vue de la retraite.
JLM,"Augmenter de 0,25 point par an durant le quinquennat le taux de cotisation vieillesse et soumettre à cotisation les revenus d'intéressement, de participation, d'épargne salariale ainsi que les revenus financiers des entreprises"
JLM,Indexer le montant des retraites sur les salaires.
JLM,"Interdire au"" Fonds de réserve pour les retraites"" d'investir dans des secteurs polluants."
ZEM,Age légal de la retraite à 64 ans.
HID,Grand plan pour sauver l'hôpital public.
HID,Empêcher la fermeture de 5 700 lits d'hopitaux.
HID,Supprimer les agences régionales de santé (ARS).
HID,Fin de la tarification à l'acte.
JLM,"Engager un plan pluriannuel de recrutement des professionnels du soin et du médico-social, revaloriser les métiers et les revenus et augmenter les capacités d'acceuil."
JLM,"Réouvrir des services d'urgences, des maternités et des EHPAD publics assurant un service de santé public de proximité à moins de 30min de chaque Français"
JLM,"Créer un pôle public du médicament pour faciliter l’égal accès aux traitements, protéger la recherche de la finance"
JLM,"Combler les déserts médicaux, et créer un corps de médecins généralistes fonctionnaires rémunérés pendant leurs études afin de pallier l’insuffisance de médecins dans certaines zones."
JLM,Affecter les recettes des taxes sur le cannabis à des programmes de lutte contre les addictions et pour une politique de prévention et d’aide à la désintoxication.
JLM,Renforcer la médecine du travail.
JLM,Abroger les lois sur l'état d'urgence sanitaire et le pass sanitaire.
JLM,Interdire le dépôt de brevets sur les médicaments et les équipements nécessaires à une réponse sanitaire urgente. Réquisitionner les entreprises indispensables à la production de matériel sanitiaire.
JLM,"Supprimer la tarification à l'acte, revenir à la dotation globale de fonctionnement ainsi que sur les suppressions de lits et de personnels."
ZEM,Suppression de l'aide médiacale d'Etat (AME).
ZEM,Supression du pass sanitaire.
ZEM,Vaccination : réserver les doses de rappel uniquement pour les plus de 65 ans.
HID,Diminuer la vitesse sur les autoroutes de 130 à 110km/h.
JAD,La vente de voitures diesel et thermiques classiques sera interdite à partir de 2030. 
JAD,"Les Zones à Faibles Emissions seront généralisées au-delà des zones urbaines actuelles, d’ici à 2025 pour le diesel et d’ici à 2030 pour l’essence."
JAD,"""Nous investissons sur les trains du quotidien et les gares de proximité. Nous instaurons un cadre favorisant le report des modes de transport depuis la route vers le fret ferroviaire et fluvial pour réduire de 50 % les émissions du transport logistique d’ici à 2030""."
MLP,"Nationalisation des autoroutes : pour permettre de faire baisser de 10 à 15% les péages et un milliard et demi d’euros devraient également revenir dans le budget de l’Etat, pour permettre de financer une politique de réaménagement du territoire."
MLP,Opposée à l'interdiction des voitures dans les villes.
MLP,Créer un crédit d’impôt sur l’IS portant sur une partie du montant des péages autoroutiers réglés par les transporteurs.
MLP,Supprimer la taxe à l'essieu.
MLP,"Gratuité des trains pour les étudiants et les jeunes travailleurs, en dehors des heures de pointe."
JLM,Renationaliser la SNCF et refuser la mise en concurrence des lignes de transports
JLM,"Refuser la suppression des lignes ferroviaires du quotidien et en réouvrir, augmenter le nombre de trans et garantir des tarifs accessibles, maintenir des guichets phyisques dans les gares."
JLM,"Développer les transports écologiques : refuser la libéralisation et la mise en concurrence du transport ferroviaire, adopter un plan de développement du ferroutage"
JLM,"Repenser la mobilité individuelle : développer les usages partagés de la voiture et les mobilités douces (vélo, etc.). "
JLM,Supprimer les lignes aériennes quand l'alternative en train est inférieure à 4h.
JLM,Systématiser le recours au fret fluvial dès que possible.
PEC,Proposer une aide de 6 000 € à l'achat d'un véhicule propre.
PEC,Ne plus produire de voitures thermiques d'ici 2035 et développer les bornes de recharges et les filières industrielles françaises de production de tous les modes de transport électriques.
PEC,"Ne pas nationaliser les autoroutes, car les concessions finissent d'ici 9 ans."
PEC,Baisser le prix des cartes grises de voitures non-polluantes.
PEC,"Ne pas limiter l'accès des voitures aux centres-villes, seulement aux hyper centres."
PEC,"Instaurer un véritable service minimum dans les transports publics, se traduisant par un service normal aux heures de pointe."
ZEM,Supprimer le permis à points.
ZEM,Instaurer une limite de vitesse à 90km/h sur toutes les nationales.
ZEM,Retour aux 50km/h dans les agglomérations.
HID,Lancer une assurance chômage universelle.
JLM,Créer une garantie d'emploi : tout chômeur de longue durée pourra se voir proposer d'être embauchée au moins au SMIC - revalorisé - dans un secteur d'urgence
JLM,Indemniser les chômeurs en fonction de leurs derniers salaires grâce à une assurance calculée à partir du premier jour de travail.
JLM,"Supprimer l'obligation d'accepter une soi-disant ""offre raisonnable d'emploi""."
JLM,Cesser la radiation des chômeurs à la première absence à un rendez-vous et en finir avec la logique de radiation.
JLM,Rétablir un régime d'assurance-chômage spécifique pour les intermittents de l'emploi et les intérimaires.
JLM,Elargir la médecine du travail aux chômeurs avec visite obligatoire au-delà de 6 mois.
PEC,Poursuite de la réforme de l’assurance chômage en renforçant la dégressivité des allocations pour inciter à reprendre un travail ou une formation plus tôt.
HID,Passer à 32 heures par semaine.
JAD,"Un droit au télétravail sera instauré (par exemple un jour par semaine), à décliner par la négociation collective."
JLM,"Rétablir immédiatement la durée légale hebdomadaire à 35 heures en majorant les heures supplémentaires, cotisations incluses à 25% pour les 4 premières et à 50% au-delà. "
JLM,"Abroger la loi El Khomri et les ordonnances Pénicaud, rétablir la hiérarchie des normes sociales, le principe de faveur et les « Comité d’hygiène, de sécurité et des conditions de travail »."
JLM,Interdire les licenciements boursiers et le versement de dividendes dans les entreprises ayant recours à des licenciements économiques.
JLM,Réformer les tribunaux de commerce et les procédures de redressement et liquidation d’entreprise pour donner plus de pouvoirs aux salariés
JLM,Garantir les pouvoirs de l’inspection du travail et des instances représentatives des salariés.
JLM,Garantir la continuité du revenu en cas de perte d’emploi ou de retrait d’activité dans le cadre d’une sécurité sociale professionnelle. 
JLM,Établir un « droit opposable à l’emploi » par l’embauche publique des chômeurs volontaires sur des tâches d’intérêt général.
JLM,Généraliser une 6e semaine de congés payés pour tous les salariés.
JLM,Convoquer une conférence nationale sur le partage du temps de travail et l’impact du progrès technologique
JLM,Revaloriser les métiers occupés majoritairement par des femmes et lutter contre le temps partiel contraint qui touche à 80% des femmes.
JLM,Favoriser des congés parentaux de durée identique entre les parents.
JLM,"Instaurer un « contrat jeune » d’une durée de cinq ans, dans le secteur non marchand et public."
JLM,Remettre en cause les autorisations de travail le dimanche.
JLM,Requalifier les travailleurs des plateformes numériques en contrat de travail salarié.
PEC,Permettre aux entreprises de négocier une hausse du temps de travail.
PEC,"Instaurer un congé parental aménageable, qui pourrait être pris à différents âges de l’enfant."
ZEM,Augmenter les heures de travail pour passer à plus de 35h.
ZEM,"Mise en place d'un index pour évaluer la présence des seniors dans les entreprises, comme celui qui existe pour la parité femmes-hommes."
HID,Lancer une politique de encourager massivement le syndicalisme.
JLM,"Mettre fin au monopole de la parole des patrons par le Medef et fonder la représentativité des organisations patronales sur la base d'élections des chefs d'entreprise, comme pour les syndicats de salariés."
JLM,"Faire voter un loi d'amnistie pour les syndicalistes, militants écologistes, associatifs et les Gilets jaunes qui ont été condamnés pour leur participation à la vie publique."
MLP,Un chèque formation pour les entreprises.
JLM,"Garantir le maintien du revenu en cas de reconversion ou de formation et donner à chaque salarié le droit à 36 heures de formation par an, librement utilisables dans le domaine de son choix."
JLM,"Intégrer les périodes de stages et d'apprentissages dans la sécurité sociale professionelle (ancienneté, congés, formation)."
JLM,Créer des centres polytechniques professionnels.
JLM,Rétablir d'encadrement de la création de centres de formation d'apprentis sous l'autorité des régions et interdire les diplômes privés professionnels.
JLM,Rétablir le bac pro en 4 ans et y renforcer les enseignements généraux.
JLM,Réserver la taxe d'apprentissage aux établissements publics.
PEC,"Stratégie de soutien aux études, d’insertion professionnelle et d’accès au logement des jeunes."
PEC,"Création d'une banque des jeunes pour assurer le financement des études pour tous, avec un remboursement différé après l’entrée dans la vie active, et conditionné à un niveau minimum de revenu."
PEC,"Pour aider les jeunes à trouver un contrat d’apprentissage, les entreprises de moins de 10 salariés bénéficieront d’une exonération totale de charges patronales."
HID,"Relocaliser nos entreprises, réindustrialiser tous les territoires."
HID,"Développer de nouvelles activités en France, développer une politique industrielle donnant à la France des positions fortes dans l’économie durable de demain."
JLM,Relocaliser d’urgence les productions essentielles à la vie de notre pays : adopter des mesures anti-dumping d’urgence sur les industries stratégiques.
JLM,"Créer une Agence pour les relocalisations dépendant du Conseil à la planification écologique, chargée de recenser les secteurs industriels indispensables à la souveraineté nationale et à la bifurcation écologique, et établir un plan de relocalisation pour chaque filière ou production stratégique identifiée."
JLM,"Favoriser l'installation d'entreprises, d'artisans, de commerçants par la mise en place d'aides spécifiques."
JLM,Gérer les risques industriels avec la création d'une autorité de sûreté indépendante des risques industriels
JLM,"Réviser le Code des marchés publics pour favoriser les entreprises sociales et solidaires, écologiques et locales."
JLM,Instaurer une taxe kilométrique aux frontières de la France pour dissuader les délocalisations et l'importation de produits trop éloignés.
JLM,Exiger un dépôt de garantie préalable aurpès de la Banque de France en contrepartie d'un investissement étranger dans le pays.
JLM,Etablir des critères de localisation de l'activité pour la commande publique nationale et locale et pour l'accord des aides aux entreprises. 
JLM,Rendre effectives les peines de réquisition d'intérêt général pour toute délocalisation ou fermeture d'activité.
ZEM,Revaloriser la production française en augmentant les taxes sur les importations extra-européennes.
JAD,"Mise en place une gouvernance des grandes entreprises avec conseil de surveillance et directoire, similaire à celle qui existe en Allemagne. "
JLM,Accorder de nouveaux droits de contrôle aux comités d’entreprise sur les finances de leur entreprise.
JLM,Instaurer le droit pour les salariés à un vote de défiance à l’égard des dirigeants d’entreprises ou des projets stratégiques.
JLM,Renforcer le pouvoir d’intervention des salariés contre les licenciements économiques par un droit de veto suspensif des comités d’entreprise.
JLM,Reconnaître un droit de préemption aux salariés pour former une coopérative en cas de fermeture ou de vente de leur entreprise. Et rendre effectif le droit de réquisition des entreprises d’intérêt général par l’État.
JLM,"Créer une mission parlementaire spéciale dressant le bilan de toutes les faveurs fiscales et les privatisations (abandons de fleurons comme Alstom, Alcatel, EADS…) depuis trois décennies, permettre la mise en examen et la détention préventive des suspects."
JLM,Pénaliser le versement de dividendes et interdire aux entreprises de distribuer un montant de dividendes supérieur à leur bénéfice.
JLM,Mettre fin à la cotation continue des entreprises en bourse et moduler les droits de vote des actionnaires selon la durée d’engagement dans l’entreprise.
JLM,"Socialiser des banques généralistes, en vue de financer les petites entreprises sur critères sociaux et écologiques."
JLM,Augmenter les sanctions financières et pénales contre les entreprises qui ne respectent pas l’égalité salariale femmes-hommes.
PEC,"Réconciliation du travail et du capital, d’ici à 5 ans, toutes les sociétés cotées devront atteindre le seuil de 10 % de leur capital détenu par leurs salariés."
JAD,"Conditionner tous les soutiens publics dont bénéficient les entreprises (aides publiques, marchés publics...) au respect de l’environnement, du progrès social et de l’égalité entre les femmes et les hommes."
JAD,"Des fonds de relocalisation et de réindustrialisation seront créés dans chaque région, abondés par le transfert d’une partie des impôts de production"
JLM,Repousser de deux ans le remboursement des PGE.
JLM,"Conditionner toute aide d'Etat aux grandes entreprises à des objectifs sociaux, écologiques et fiscaux contraignants et exiger le remboursement des aides en cas de non-respect des contreparties."
JLM,Mettre en place une caisse de défaisance pour reprendre les dettes privées asphyxiantes des TPE/PME contractées pendant la pandémie et les dettes agricoles des convertis au 100% bio.
HID,Valoriser le travail en permettant aux salaires de remonter.
HID,"Augmentation de 15% des salaires invisibles (soignants, caissières, etc.)."
HID,Augmenter le SMIC de 10 à 15%.
JLM,Porter immédiatement le SMIC mensuel à 1400 euros nets.
JLM,Fixer un salaire maximum autorisé pour limiter l’écart de 1 à 20 entre le salaire le plus bas et le salaire le plus haut dans une entreprise.
JLM,Interdire les parachutes dorés et les retraites chapeaux.
JLM,Supprimer les stock-options.
JLM,Créer dans l'entreprise une commission de contrôle salarié sur l'égalité entre les femmes et les hommes.
PEC,"Augmenter dans les 5 ans les salaires nets inférieurs à 2,2 SMIC de 10%, hors inflation. Le basculement des cotisations vieillesse salariales vers les entreprises représentera déjà une hausse de 8,3% du salaire net"
PEC,Organiser une conférence salariale annuelle avec les syndicats et les entreprises.
PEC,"Refuser le RSA jeune, mais créer un « revenu jeune de 670 euros, mais qui sera destiné uniquement aux jeunes qui se formeront à plein temps, dans les métiers qui recrutent »."
PEC,"Mieux associer le travail au capital en se fixant comme objectif que 10% du capital des sociétés cotées soit détenu par leurs salariés, sur 5 ans. Les entreprises non-cotées devront aussi suivre le mouvement"
ZEM,Contre l'augmentation du SMIC.
ZEM,Revaloriser les salaires nets par la baisse de la CSG sur les bas salaires.
JLM,Exiger de l’Union européenne que la Banque centrale européenne rachète les dettes publiques et les transforme en dettes perpétuelles à taux nul
JLM,Réaliser un audit citoyen de la dette publique pour déterminer la part illégitime et préparer un réaménagement négocié de la dette publique.
JLM,"Rétablir un circuit public du Trésor où les institutions bancaires ont obligation de déposer leur trésorerie, pour extraire l’État des marchés financiers et reprendre le contrôle sur les taux d’intérêt."
JLM,Faire racheter par la BCE la dette publique qui circule sur les marchés financiers.
JLM,Retirer la dette Covid des comptes de la Sécurité sociale.
PEC,"Sur dix ans, ramener la dette dans des proportions plus supportables, vers 100 % du PIB."
PEC,Repenser la règle des 3% de déficit public au niveau communautaire en sortant les dépenses liées à la défense et à la transition énergétique afin de combiner bonne gestion des finances publiques et capacité à réaliser des investissements d’avenir.
PEC,Mener un audit du « quoiqu’il en coûte » afin de supprimer les dépenses publiques inefficaces.
PEC,Réaliser 45 milliards d’euros d’économies grâce à ces réformes et percevoir 15 milliards d’euros de recettes supplémentaires par la privatisation d’entreprises concurrentielles dans lesquelles l’État n’a pas vocation à être un actionnaire minoritaire.
HID,Développer une agriculture respectueuse de l’environnement et du revenu de celles et ceux qui la pratiquent.
JAD,Inderdition des néonicotinoïdes et le glyphosate dès 2022.
JAD,"Sortie de l'élevage intensif, de l'élevage en cage et des élevages d'animaux à fourrure."
JAD,"D'ici à 2030, 30% des fonds de la PAC seront destinés à approvisionner la restauration collective publique (écoles, universités, hôpitaux, établissements publics...) en produits 100 % bio, de qualité et de proximité."
JAD,"""Nous préconisons l’autonomie en protéines : les importations de soja doivent cesser dans dix ans, pour mettre un terme à la déforestation importée et garantir notre souveraineté alimentaire."
JLM,"Créer 300 000 agricoles en instaurant une agriculture relocalisée, diversifiée et écologique."
JLM,"Garantir des prix rémunérateurs aux producteurs par des prix planchers pour les agriculteurs, interdire les ventes à perte et mettre en place une caisse de défaisance pour reprendre les dettes agricoles des convertis au 100% bio."
JLM,"Refondre la PAC et orienter les aides publiques agricoles pour favoriser la production écologiquement soutenable, l'intensité en main-d'oeuvre des exploitations et le développement des protéines végétales."
JLM,Faire une réforme agraire pour encourager l'installation de nouveaux agriculteurs et permettre le développement d'un tissu de nombreuses exploitations à taille humaine.
JLM,"Planifier la réduction progressive des doses d'engrais et de pesticides, interdire immédiatement les plus dangeureux (glyphosate, etc)."
JLM,Instaurer un protectionnisme écologique en fonction des conditions de production et de rémunération du travail agricole.
JLM,Encadrer les prix alimentaires par des prix maximaux établis par un coefficient multiplicateur et limiter le smarges de la grande distribution.
JLM,"Développer les circuits courts pour réduire la circulation des marchandises et l""utilisation d'emballages."
JLM,"Porter l'alimentation dans la restauration collective à 100% biologique et locale, réduire la part des protéines carnées au profit des protéines végétales et y imposer une option végétarienne quotidienne"
JLM,Arrêter les activités dangeureuses pour la santé et l'environnement (comme les engrais à base de nitrate d'ammonium) et planifier la reconversion des travailleurs.
JLM,"Interdire les fermes-usines et tous les élevaes de production de fourrure et ce, immédiatement pour les élevages de visons."
JLM,Interdire les pratiques de chasse.
PEC,Taxer les importations ne respectant pas les normes françaises.
PEC,Durcir la PAC
PEC,Accroître les surfaces agricoles biologiques.
PEC,Dynamiser le développement des produits locaux.
PEC,Placer les intérêts agricoles au cœur des négociations commerciales européennes.
PEC,Aider les agriculteurs à obtenir des prix rémunérateurs en favorisant leur regroupement et la contractualisation.
PEC,Aider les agriculteurs à obtenir des prix rémunérateurs en favorisant leur montée en gamme.
PEC,Adopter une politique alimentaire européenne en ligne avec nos impératifs agricoles.
PEC,"Encourager la diversification des exploitations et mieux rémunérer la multifonctionnalité de l’agriculture, notamment dans le domaine environnemental."
PEC,"Réduire l’impact des fluctuations de marché sur le revenu des agriculteurs, en développant notamment le recours aux assurances."
PEC,Revaloriser les retraites agricoles.
PEC,Réformer la fiscalité agricole pour l’adapter aux réalités du secteur. Alléger les cotisations sociales des agriculteurs.
PEC,Mettre fin au dumping réglementaire et environnemental.
PEC,"Réduire l’impact des fluctuations de marché sur le revenu des agriculteurs, en développant notamment le recours aux assurances."
HID,Développement d'un plan sur 5 ans pour décarbonner l'économie.
HID,"Accompagner chacun dans la fin du recours aux énergies fossiles. passer de l’économie de la consommation à l’économie de la réparation, se déplacer sans abîmer."
HID,"Lutter contre l’artificialisation des sols, améliorer le respect de la condition animale, encadrer davantage les entreprises polluantes."
HID,"Objectif : neutralité carbone en 2050 et faire voter au Parlement, chaque année, un budget carbone de la Nation."
HID,"Mettre fin aux subventions publiques aux activités néfastes (énergies fossiles, pesticides, etc.)."
JLM,Lancer un plan massif de 200 milliards d'euros d'investissements écologiquement et socialement utiles.
JLM,Assurer l’isolation d’au moins 700 000 logements par an.
JLM,Réduire l’impact écologique : développer la construction Bois Terre Paille.
JLM,"Bannir les pesticides et instaurer des zones-tampons, lutter contre l’artificialisation des sols, gérer durablement l’eau (dépollution et régies publiques)."
JLM,"Opposition au glyphosate et produits importés qui en contiennent, favoriser le made in France plutôt que les produits importés."
JLM,Conditionner l'obtention de labels écologiques à des résultats énergétiques concrets.
JLM,Abolir l'obsolescence prorammée et allonger les durées de garantie légale des produits.
JLM,"Interdire les plastiques à usage unique, remettre en place des consignes pour les bouteilles et bocaux en verre. Rendre obligatoire l'écoconception des produits et généraliser l'indice de durabilité des produits."
JLM,Rendre la collecte séparée des déchets organisques effective et obligatoire à l'horizon 2025.
JLM,Lutter contre l'artificialisation des sols.
JLM,"Empêcher le droit de propriété privée de prévaloir sur la protection de l'eau, de l'air, de l'alimentation, du vivant, de la santé et de l'énergie."
JLM,"Revenir sur les affaiblissements des normes environnementales et établir un plan d'urgence pour la dépollution rapide des régions durablement polluées dont, en priorité, la Guadeloupe et la Martinique (chlordécone)."
JLM,"Créer un haut-commissariat à l'eau pour organiser une gestion 100% publique de l'eau, articulée autour des régies publiques locales."
JLM,Augmenter les moyens humains et financiers de l'Office national des fôrets et stopper sa privatisation.
PEC,Fusionner le Livret A avec le Livret développement durable pour mettre les ressources du Livret A au service de la transition écologique puisqu’à eux deux ils rassemblent près de 469 milliards d’euros.
PEC,"Décarboner les transports : Objectif 2035 pour que tous les véhicules neufs ne consomment plus d’énergies fossiles, pas seulement les voitures, mais aussi camions, cars, bus, trains, deux roues, bateaux, petits avions (Et 50% de biocarburants durables dans les plus gros avions)."
PEC,"Mobilisation citoyenne avec la mise en place d’une “Réserve Ecologique” constituée de membres des associations de protection de l’environnement, de volontaires et de personnes devant réaliser des Travaux d’Intérêt Général (TIG) "
PEC,Protéger les espaces naturels : 10% du territoire sous protection forte d’ici 20 ans pour protéger la biodiversité et signature d’un accord des pays riverains de la Méditerranée pour l’éradication des rejets de plastiques en mer.
PEC,"Simplifier les lois pour éviter que la justice annule des grands projets de transport ferroviaire après des années de concertation, alors qu'ils sont d'intérêt écologique."
JLM,"Revenir sur la libéralisation du marché de l’électricité et du gaz : stopper la privatisation des barrages hydroélectriques, créer un pôle public de l’énergie en renationalisant EDF et Engie et en lien avec des coopératives locales."
JLM,Instaurer une tarification progressive de l'énergie et garantir la gratuité des premières quantités indispensables à une vie digne.
JLM,"Annuler la libéralisation du marché de l'électricité et du gaz : stopper la privatisation des barrages hydroélectriques, créer un pôle public de l'énergie en lien avec des coopératives locales en renationalisant EDF et Engie."
JLM,Annuler les hausses du tarif du gaz depuis 2017.
PEC,Retirer la TVA sur la taxe de l'électricité.
PEC,Réformer le tarif régulé pour que les consommateurs profitent pleinement de la compétitivité de l’énergie nucléaire.
PEC,Remettre à plat les frais commerciaux des opérateurs qui enflent avec les certificats d’économie d’énergie.
PEC,"Mettre sous contrôle le réseau de transport de l’électricité qui n’est pas transparent sur ses coûts qui explosent, alors que RTE est une entreprise publique."
PEC,Augmenter la quantité d'énergie vendue par EDF à la concurrence.
PEC,Électrifier les usages pour réduire les importations d’hydrocarbures.
HID,Sortie rapide du nucléaire.
MLP,Construction de 6 EPR et réouverture de Fessenheim.
MLP,Relance du programme Astrid.
JLM,"Sortir du nucléaire : abandonner les projets d’EPR et d’enfouissement des déchets nucléaires, planifier le démantèlement de la centrale de Fessenheim."
JLM,"Mettre en place une convention collective unique pour les travailleurs du nucléaire et arrêter l'utilisation massive de la sous-traitance, tout en garantissant leur reconversion au fur et à mesure des fermetures de centrales."
PEC,"Réinvestir dans le nucléaire, rénover nos installations, relever le défi industriel des EPR, envisager la piste des petits réacteurs modulaires."
PEC,Relancer le projet du réacteur Astrid.
PEC,Pousser les investissements de sûreté nucléaire ainsi qu’une politique de contrôle et de transparence irréprochable.
PEC,Relancer les projets technologiques qui permettront de limiter les déchets nucléaires et de les stocker
PEC,"Proposer une décision au Parlement sur le centre d’enfouissement des déchets, attendue depuis tant d’années, après tant de débats publics."
PEC,Se servir du nucléaire pour créer de l’hydrogène vert.
ZEM,Pour le développement du nucléaire.
MLP,S'appuyer sur l'hydrogène.
MLP,Arrêter les subventions aux énergies intermittentes telles que l'éolien et le photovoltaïque pour réaliser des économies de 6 à 7 milliards d'euros.
JLM,"Mettre fin aux situations de précarité énergétique : privilégier les rénovations complètes, interdire la location des passoires thermiques, renforcer les programmes de détection des passoires énergétiques."
JLM,Planifier le 100% énergies renouvelables avec un double axe sobriété/efficacité énergétique pour 2050.
JLM,"Sortir des énergies carbonées : arrêter les subventions aux énergies fossiles, y compris à l’étranger."
JLM,Développer les énergies marines renouvelables (EMR) dans le cadre du plan de transition énergétique et d’une maîtrise publique des installations et réseaux 
JLM,Adopter des lois-cadres instaurant une planification écologique et démocratique coordonnant les niveaux national et local.
JLM,Créer un Conseil à la planification écologique
JLM,Relever les ambitions climatiques de la France avec pour objectif une baisse de 65% des émissions en 2030 et rendre public un bilan annuel.
JLM,Obliger les entreprises à mettre en oeuvre une comptabilité carbone pour les émissions directes et indirectes certifiée par un organisme public agréé.
PEC,"Passer aux biocarburants de 2e génération pour les avions du futur, développer le biométhane."
PEC,Soutenir les chaufferies de biomasses dans les zones rurales et le chauffage urbain issu de la géothermie.
PEC,Lancer un grand plan d’utilisation de l’hydrogène propre qui doit faire partie des priorités de l’avenir.
PEC,"Développer en parallèle du nucléaire le petit hydraulique, le photovoltaïque et l’éolien. Pour l’éolien, il faut associer les habitants et édicter des zones de protection de nos espaces naturels remarquables et de nos zones de pêche."
PEC,"Diversifier nos sources d’énergie, en poursuivant les investissements sur le stockage (barrages, batterie...) et la recherche/l’expérimentation sur l’hydrogène. "
ZEM,Stopper l'installations d'éoliennes.
JLM,Refuser le choc des civilisations et la participation de la France à toute alliance militaire permanente hors du cadre de l’ONU.
JLM,Stopper les privatisations des industries d’armement et des missions de défense nationale et engager leur reconquête publique.
JLM,Établir la règle de l’acquisition de matériel militaire français par l’armée.
JLM,Refuser toute intervention militaire sans mandat de l’ONU.
HID,Donner toutes ses chances à une bonne intégration des personnes à qui la France reconnaît le droit de vivre sur son territoire.
JAD,La politique de l'asile et des migrations sera transférée à un ministère des solidarités et de l'intégration.
MLP,Présentation d'un projet de loi sur l'immigration dès octobre et qui sera soumis à référendum.
MLP,Expulser les parents de mineurs étrangers ayant commis des actes d’une particulière gravité.
MLP,Systématiser l’interdiction du territoire pour les étrangers condamnés pour cambriolages.
MLP,Etendre les catégories d’infractions pouvant entrainer une expulsion du territoire.
MLP,"Suppression de tout mécanisme d’acquisition automatique de la nationalité française, qui serait accessible seulement par filiation ou par mérite."
MLP,Le mariage ne permettrait plus d’être naturalisé.
JLM,"Droit du sol intégral, y compris dans les Outre-Mer."
JLM,Faciliter l’accès à la nationalité française pour les personnes légalement présentes sur le territoire.
JLM,Carte de séjour de 10 ans comme titre de séjour de référence.
JLM,"Sortir du droit de Dublin qui autorise les états européens à renvoyer un demandeur d’asile vers le pays par lequel il est entré, faisant peser de lourdes responsabilités sur les territoires qui concentrent les arrivées comme la Grèce ou l'Italie."
PEC,Loi constitutionnelle pour instaurer une immigration choisie avec des quotas par métiers et par pays.
PEC,"Pousser les États qui aujourd’hui refusent de délivrer des laissez-passer consulaires pour le retour de leurs ressortissants clandestins vivant en France à le faire en dénonçant, après un délai de 6 mois"
PEC,Reprendre immédiatement l'affrètement des avions charters d'éloignement avec le soutien de l'agence européenne Frontex qui assure à la fois le financement et l’escorte
PEC,Revoir les procédures d’asile en obligeant à ce que les demandes d’asile soient déposées dans les ambassades françaises ou à la frontière tout en généralisant la procédure d’asile accélérée
PEC,Présumer majeur tout « mineur non accompagné » qui refuse un test osseux.
PEC,Renforcer et contrôler les conditions du regroupement familial. Augmentation des conditions de revenu et pas de prestations sociales avant 5 ans.
PEC,"Supprimer les aides sociales aux clandestins (demi-tarif dans les transports par exemple), et recentrer l’aide médicale d’État sur la médecine urgente."
PEC,"Réviser la directive « retour » en profitant en 2022 de la présidence française de l’Union européenne, pour obliger les immigrés entrés irrégulièrement sur le territoire européen à être reconduits à la frontière"
PEC,Placer tous les demandeurs d’asile dans des centres dédiés pendant l'instruction accélérée de leur demande afin qu’ils puissent être facilement éloignés s’ils sont déboutés.
PEC,"Interdire à un étranger de multiplier les demandes successives de titre de séjour pour des motifs différents, ce qui lui permet de rester beaucoup plus longtemps sur notre territoire."
PEC,Expulser du territoire tout clandestin représentant une menace grave à moins qu’il ne soit poursuivi en justice.
PEC,Lier l’obtention de la carte de séjour à la maîtrise du français : 600 h de cours avec examen obligatoire.
PEC,"Mettre fin au séparatisme urbain, avec une stratégie de peuplement pour éradiquer en dix ans les ghettos, avec pas plus de 30% de logements sociaux par quartier."
PEC,"Il faut fixer un plafond de non francophones par classe, pour garantir la qualité́ des apprentissages."
PEC,"Supprimer l’automatisation du droit du sol, un choix qui doit se faire à 18 ans, sous condition d’assimilation et de casier judiciaire vide."
ZEM,Suppression du droit du sol et fin du regroupement familiale.
ZEM,Demande de droit d'asile uniquement possible dans des consulats à l'étranger.
ZEM,Suppression de la double nationalité pour les non Européens.
ZEM,"Expulsion de tous les délinquants étrangers, et déchéance de nationalité lors d’un délit sérieux, ainsi que des 25% d'étrangers purgeant leur peine dans les prisons françaises en forçant leurs pays d'origine à les ré-accueillir sur leurs territoires"
ZEM,Arrêt temporaire de l'espace Schengen et retour aux frontières nationales.
HID,Création « juridiction internationale » sur les questions environnementales pour « gérer les contentieux majeurs ».
MLP,"Recruter 1000 magistrats supplémentaires, 1000 greffiers et assistants juridiques."
MLP,Créer 20000 places de prisons sur 6 ans et recruter 7000 agents pénitentiaires sur 6 ans. Geler toute fermeture de tribunal.
MLP,Étendre la durée maximum de placement en centres éducatifs fermés.
MLP,Durcir les sanctions encourues pour outrages. Développer les interdictions administratives et judicaires de fréquentation d’un territoire. Condamner les auteurs de violences en bande comme coauteurs.
MLP,Rétablir la réalité de la perpétuité (avec un mécanisme d’examen de la peine au bout de 25 ans). Rétablir les peines planchers.
MLP,Créer un uniforme carcéral pour les détenus définitivement condamnés. 
MLP,Etendre le champ de l’ordonnance pénale à tout délit sanctionné d’une peine égale ou inférieure à 3 ans de prison.
MLP,"Voter tous les 5 ans une loi de programmation pour la justice et lancer un plan de modernisation et de rénovation des bâtiments judiciaires, des commissariats, des casernes et lieux d’hébergement de la gendarmerie."
MLP,Inscrire au fichier des criminels et délinquants sexuels les personnes condamnées pour outrages sexistes.
JLM,"Planifier des moyens pour la justice et recruter davantage de fonctionnaires : magistrats, greffiers, agents de la protection judiciaire de la jeunesse."
JLM,Rénover et construire de nouveaux locaux.
JLM,Recruter 2000 agents pénitentiaires pour escorter les détenus.
JLM,Rénover les prisons et mettre fin au tout-carcéral par des peines alternatives. En finir avec la surpopulation carcérale et assurer aux personnes détenues les moyens de se réinsérer.
JLM,"Créer une juridiction suprême commune à la Cour de Cassation et au Conseil d’État, et supprimer la fonction juridictionnelle du Conseil d’État."
JLM,Garantir le contrôle par le juge judiciaire des opérations de lutte contre le terrorisme.
JLM,"Instaurer une peine de déchéance des droits civiques en cas de fraude fiscale ou d’activités illicites permettant le financement du terrorisme, punir les financements de trafics alimentant le terrorisme, réquisitionner les entreprises qui collaborent avec les agresseurs."
JLM,"Mettre fin à la disparition progressive des jurés populaires, supprimer les cours criminelles sans jurés et expérimenter les jurés dans les tribunaux correctionnels."
JLM,"Renforcer les droits de la défense, inscrire le droit à une défense dans la Constitution et garantir la gratuité des procédures les plus courantes (le divorce, par ex)"
JLM,"Renforcer l'indépendance de la justice vis-à-vis de l'exécutif : interdire les instruction individuelles sauf lorsqu'elles appelllent à une intervention directe de l'éxécutif en matière d'ordre public (terrorisme, par ex)."
JLM,Poursuivre et punir tous les complices de violation du secret de l'instruction.
JLM,"Doubler les effectifs des services qui luttent contre les infractions financières, supprimer réellement le verrou de Bercy et supprimer la convention judiciaire d'intérêt public."
PEC,Doubler le nombre de centres éducatifs fermés pour les mineurs et ouvrir à terme 20 000 places de prison.
PEC,Déjudiciariser des contentieux de masse qui saturent les audiences pour recentrer la justice sur les dossiers prioritaires.
PEC,"Donner plus de moyens à la justice, notamment en recrutant des magistrats, des greffiers et des personnels administratifs et en créant un corps de juristes assistants auprès des magistrats."
PEC,Permettre des jugements rendus en moins de 6 mois – appels compris – pour toutes les violences et les délits du quotidien afin de mettre un terme au sentiment d’impunité légitimement répandu.
PEC,Systématiser les comparutions immédiates ou à délai rapproché pour les flagrants délits et accélérer les délais de jugement dans le cadre de grands projets d’infrastructure
PEC,"Créer dans les 6 mois suivant l’élection des centres correctionnels fermés, avec incarcération de détenus sous bracelet électronique pour assurer l’exécution des courtes peines."
PEC,"Assurer l’exécution des peines dans les 3 mois, que ce soient les travaux d’intérêt général ou les peines de prison."
PEC,Généraliser les retenues sur salaires et prestations sociales pour lutter contre les amendes impayées
HID,Répondre aux besoins de sécurité du quotidien  tout en luttant plus efficacement contre la criminalité organisée.
HID,Créer des unités de police et magistrats dédiées aux violences faites aux femmes.
JAD,Lancement d'une conférence de respect et de confiance entre la police et les citoyen-ne-s pour poser les éléments d’une loi de programmation pour doter les forces de l’ordre des moyens nécessaires à leur action
JAD,L'inspection générale de la police nationale (IGPN) sera placée sous la compétence du-de la défenseur-e des droits.
MLP,Voter tous les 5 ans une loi de programmation pour la sécurité.
MLP,Flécher une partie des investissements d’avenir (5 %) vers le secteur de la sécurité.</p><p>Créer des antennes de l’Office central antistupéfiants dans les pays producteurs.
MLP,"Lancer des investissements matériels (véhicules, hélicoptères, etc.). Doter la police de véhicules à haute protection."
MLP,Créer 7000 postes de policiers et de gendarmes et créer des unités d’intervention à résidence pour la gendarmerie outre-mer.
MLP,Créer une école de formation des policiers municipaux.
MLP,Rendre obligatoire la mise en place d’une police municipale dans les villes de plus de 10000 habitants.
MLP,Obligation d'armer la police municipale dans les villes de plus de 10 000 habitants.
JLM,"Renforcer les moyens humains du renseignement en revenant sur la fusion de la direction de la surveillance du territoire (DST) et des renseignements généraux (RG), et privilégier l’infiltration au mirage du tout-technologique."
JLM,Lutter contre l’embrigadement et soutenir les programmes de prise en charge des personnes suspectées.
JLM,Démanteler les BAC (Brigades Anti-criminalité) et réhabiliter la police de proximité.
JLM,"Augmenter les effectifs en charge de la délinquance financière, du trafic d'êtres humains et du démantèlement des réseaux mafieux et doubler les effectifs de la police technique et scientifique."
JLM,Intégrer au service public certaines fonctions de sécurité aujourd’hui privées.
JLM,"Interdire dans la loi tout usage des technologies de reconnaissance faciale dans les espaces et établissements publics, ainsi que leur expérimentation."
JLM,Procéder à l'évaluation des résultats des lois déjà adoptées et revenir sur les dispositions liberticides qui ont instauré un état d'urgence permanent.
JLM,"Interdire les tasers, les grenades de désencerclement, les flash-balls et les LBD 40 pour favoriser la désescalade des affrontements. Interdire les techniques d'immobilisations létales ou la technique de la ""nasse"". "
JLM,Refonder l’IGPN (Inspection générale de la Police nationale) pour la rendre impartiale dans le traitement des litiges.
JLM,Titulariser et former les adjoints de sécurité qui le souhaitent et porter à deux ans la formation des élèves gardiens de la paix. Réouvrir des écoles nationales pour les activités de polices.
JLM,En finir avec la politique du chiffre et les primes aux résultats.
JLM,Construire de nouveaux centres d'activités de police de proximité.
JLM,Intégrer les effectifs de police municipale à la nouvelle police de proximité et la placer sous l'autorité fonctionnelle du maire et l'autorité hiérarchique du préfet.
JLM,Rétablir le code de déontologie de la police de 1936.
JLM,"Créer une commission ""Vérité et Justice"" sur les violences policières."
JLM,Supprimer l'Inspection générale de la Police nationale et de la Gendarmerie nationale 
PEC,Augmenter le budget de la sécurité à 2% du PIB.
PEC,Faire de la radicalisation un motif de licenciement.
PEC,"Instaurer des brigades coup de poing dans les quartiers sensibles qui sont des zones de non-droit avec plus d’effectifs de police, de cyber police, de gendarmes, de militaires, de brigade fiscale, etc."
JLM,"Service citoyen obligatoire de 9 mois, pour les femmes et les hommes de moins de 25 ans, rémunéré au SMIC."
HID,"Donner davantage de poids à l'Assemblée nationale et au Sénat dans le pouvoir de nomination, promeut ""une réforme des institutions"" et souhaite ""transférer plus de pouvoirs""."
JLM,Elire l'Assemblée national au scrutin proportionnel départemental.
JLM,"Convoquer un référendum (article 11) pour engager le processus constituant (modalités de composition de l’Assemblée constituante – modes de scrutin, parité, tirage au sort et incompatibilités ; modalités de la délibération ; comités constituants et participation citoyenne)."
JLM,Aucun parlementaire des anciennes assemblées ne pourra siéger dans cette Assemblée constituante ; 
JLM,"Combattre l’influence des lobbys dans le débat parlementaire, interdire l’entrée du Parlement aux lobbyistes et les cadeaux aux parlementaires."
JLM,Rendre inéligible à vie toute personne condamnée pour corruption.
JLM,"Remplacement du Sénat et du Conseil économique, social et environnemental par une Assemblée du long-terme, compétente sur l’aspect écologique et social des lois."
JLM,"Abolir les procédures de ""votes forcés"" du Parlement comme l'article 49.3."
JLM,Cesser de sous-traiter et de surfacturer la mise en oeuvre et l'évaluation des politiques publiques à des cabinets de conseils privés.
JLM,"Présenter systématiquement au bureau de l'Assemblée nationale, les propositions émises par les citoyens dans le cadre de conventions citoyennes ou d'assemblées créées à cet effet."
PEC,"Mettre en place un « comité de la hache » et diviser par trois les codes juridiques. Aussi, supprimer 500 des 1 500 structures para-étatiques."
PEC,"Limiter le pouvoir d’amendement des parlementaires aux grands principes pour éviter que la loi et l’ensemble des normes ne rentrent dans des détails qui deviennent, la plupart du temps, des contraintes."
PEC,Arrêter le vote de lois qui surtransposent les directives ou qui s’avèrent plus contraignantes que la moyenne européenne.
HID,Inscrire l'écologie dans la constitution : L’écologie représente tout autant une question sociale qu’une question industrielle et scientifique. Elle est au cœur de la lutte contre les inégalités.
MLP,"Graver dans la Constitution, après référendum, la supériorité du droit français sur le droit international."
MLP,Appliquer la préférence nationale.
MLP,Pour un mode de scrutin à la proportionnelle et un référendum d’initiative populaire.
JLM,"Constitutionnaliser la règle verte, selon laquelle on ne prélève pas davantage à la nature que ce qu’elle est en état de reconstituer."
JLM,Convoquer une Constituante pour passer à la 6e République
JLM,Obligation de recourir au référendum en cas de modification de la Constitution ou d’adoption d’un nouveau traité européen.
JLM,Constitutionnaliser la non-marchandisation du corps humain et le droit fondamental de disposer de soi en toutes circonstances.
JLM,"Ajouter dans la Constitution la liberté de conscience, le droit à la contraception et à l’interruption volontaire de grossesse, le droit de mourir dans la dignité (y compris avec assistance) et l’accès garanti à des soins palliatifs."
JLM,"Instaurer le Référendum d'initiative citoyenne par lequel les citoyens qui réunissent suffisamment de signatures peuvent révoquer des élus, proposer ou abroger une loi et modifier la Constitution."
PEC,Loi constitutionnelle pour instaurer une immigration choisie avec des quotas par métiers et par pays.
HID,Ouvrir le droit de vote à 16 ans.
JLM,"Droit de vote à 16 ans, vote obligatoire et reconnaissance du vote blanc. Et droit de vote des résidents étrangers en situation régulière aux élections locales comme en bénéficient déjà les ressortissants des pays de l’Union européenne."
JLM,Réformer le financement de la vie politique et abaisser à 200 euros le plafond des dons individuels aux partis politiques.
JLM,Instaurer une procédure de parrainages citoyens pour l'élection présidentielle en alternative aux 500 parrainages d'élus.
JLM,Interdire la sous-traitance des opérations de propagande électorale à des entreprises privées.
JAD,"Garantir la protection républicaine et libertés publiques en créant un ministère de la protection républicaine, en lieu et place du ministère de l'Intérieur."
JAD,Autres évolutions institutionnelles à débattre (comme le droit de vote à 16 ans ou le mandat présidentiel de 7 ans non renouvelable)
MLP,Réinstaurer le septennat renouvelable.
JLM,"Gouvernement responsable devant le Parlement, qui le nomme."
JLM,Créer un ministère de la Mer et une direction générale de la mer pour une politique maritime intégrée.
PEC,"Créer un Haut Conseil de la souveraineté économique et numérique auprès du Premier ministre, qui autorise les investissements étrangers en France et le rachat de nos startup, et vérifie le respect de l'engagement des investisseurs."
PEC,"Rassembler, dans un même ministère, recherche et industrie pour se mettre en capacité de mener des projets stratégiques d’innovation allant de la recherche fondamentale à la recherche appliquée en rassemblant la recherche publique et privée."
ZEM,Création d’un grand ministère de l’industrie qui veillera à orienter la commande publique vers les entreprises françaises et à l’augmentation des taxes sur les produits importés (hors UE).
PEC,Suppression de 150 000 postes dans l’administration.
JAD,"Une Ecole nationale des Services publics sera créée par fusion des écoles de formation de la fonction publique nationale, territoriale et hospitalière "
JAD,"L'accès aux grands corps de contrôle (Conseil d'Etat, Cour des comptes, Inspection des finances) sera réservé par voie de concours à des fonctionnaires de terrain ou des acteurs-trices de la société civile ayant exercé au moins dix ans."
JLM,Supprimer le concours externe de l’ENA pour toute personne n’ayant jamais travaillé.
JLM,Abolir la réforme macron du corps préfectoral et diplomatique.
HID,"Doubler le salaire des enseignants, revalorisation des salaires des gendarmes et policiers."
JLM,Engager une revalorisation du traitement des fonctionnaires.
JLM,Interdire le pantouflage et durcir les règles contre les conflits d’intérêts 
JLM,Allonger à 10 ans les périodes d’interdiction d’exercice d’une fonction privée après avoir exercé une activité publique dans le même secteur.
JLM,Titulariser les précaires des trois fonctions publiques.
JLM,Garantir des recrutements qui reflètent la diversité sociologique de la société dans les concours de la fonction publique.
HID,Mise en place d'un ISF climatique.
HID,"Baisser les taxes sur les carburants (TVA à 5,5%)."
MLP,"Baisse de la TVA à 5,5% sur le carburant."
MLP,Baisse de la TVA sur le gaz et l'électricité.
JLM,"Instaurer des droits de douane sur des critères écologiques (émissions carbones, pollutions, etc)."
PEC,Créer une taxe carbone aux frontières de l’Union pour se protéger contre le dumping social et environnemental.
PEC,Développer les incitations financières plutôt que les taxes pour décarboner la consommation des ménage
ZEM,Baisse des taxes sur les carburants.
HID,Faire payer à chacun l’impôt en fonction de ses moyens en mettant fin au chantage à l’évasion fiscal.
MLP,"Baisse des fiscalités de transmission, de manière exponentielle en fonction du nombre d'enfants."
MLP,Suppression de la redevance télé.
MLP,Application de la pleine part fiscale pour le 2ème enfant (+550euros/an).
MLP,Demi-part fiscale pour les veufs et veuves.
MLP,Prêts à taux 0 pour les jeunes couples.
JLM,Rendre l’impôt sur le revenu plus progressif avec un barème à 14 tranches contre 5 aujourd’hui et refonder l’imposition sur les revenus grâce à un impôt citoyen garantissant les recettes de l’État
JLM,Supprimer la flat tax et imposer les revenus du capital comme ceux du travail.
JLM,Instaurer un revenu maximum autorisé : 20 fois le revenu médian soit 430 000 euros de revenus annuels.
JLM,"Évaluer chacune des niches fiscales et supprimer les niches injustes, inefficaces socialement ou nuisibles écologiquement."
JLM,Rétablir et renforcer l’impôt de solidarité sur la fortune (ISF).
JLM,Augmenter les droits de succession sur les gros patrimoines et créer un héritage maximum pour les fortunes les plus importantes
JLM,Réduire la TVA sur les produits de première nécessité et réinstaurer une « TVA grand luxe » pour le financer.
JLM,Rendre la CSG progressive avec 14 tranches.
JLM,"Evaluer et supprimer les niches fiscales injustes et inefficaces socialement. Pour les niches restantes, transformer les ""réductions d'impôt"" en ""crédits d'impôt""."
JLM,Refonder la taxe foncière pour la rendre progressive.
JLM,Mettre fin au quotient conjugal.
PEC,"Concernant l’IFI (Impôt sur la fortune immobilière), évaluer une exonération à 50% de la résidence principale à la suite de l’explosion des prix de l’immobilier."
PEC,Mettre en place un « choc de transmission de patrimoine » en créant un régime de donations défiscalisées jusqu'à 100.000 euros 
PEC,Doubler le crédit d’impôt pour développer les emplois de service à la personne et couvrir ainsi 50 % du coût total d’un emploi à plein temps.
PEC,Faire que la taxe sur les salaires ne s’applique qu’au-delà de deux emplois.
PEC,"Déconjugaliser l’allocation aux adultes handicapés pour ne pas pénaliser les personnes en situation de handicap qui veulent vivre en couple, et risquent de perdre leur allocation adulte handicapé."
PEC,Défiscaliser les pensions alimentaires des mères.
ZEM,Défiscaliser les pensions alimentaires des mères.
MLP,Exonération «totale» d’impôt sur cinq ans pour les jeunes entrepreneurs.
JLM,"Refonder l’impôt sur les sociétés pour établir l’égalité devant l’impôt entre PME et grands groupes, instaurer un barème progressif et favoriser l’investissement plutôt que la distribution de dividendes."
JLM,Revenir sur les cadeaux fiscaux accordés sans contrepartie aux plus grandes entreprises ces dix dernières années.
JLM,Mise en place d’un impôt universel. Instaurer une taxe réelle sur les transactions financières.
JLM,Rétablir l'exit tax.
JLM,Taxer les entreprises ayant profité de la crise sanitaire.
PEC,Poursuivre la baisse des impôts de production financée à hauteur des économies sur les dépenses réalisées pour que ces baisses soient réellement pérennes.
ZEM,Baisse des impôts de production dans des proportions beaucoup plus importantes que ce qu’a fait le gouvernement d’Emmanuel Macron.
ZEM,Baisse de l'IS et réduction des charges sociales.